created_at,entry_id,PM1.0_CF1_ug/m3,PM2.5_CF1_ug/m3,PM10.0_CF1_ug/m3,UptimeMinutes,RSSI_dbm,Temperature_F,Humidity_%,PM2.5_ATM_ug/m3,
2019-09-04 16:10:11 UTC,77,0.00,0.00,0.17,2.00,-49.00,77.00,29.00,0.00
2019-09-04 16:12:13 UTC,78,0.00,0.00,0.03,4.00,-47.00,78.00,29.00,0.00,
2019-11-17 00:33:45 UTC,79,0.71,1.69,2.35,2.00,-42.00,70.00,27.00,1.69
2019-11-17 00:35:48 UTC,80,0.59,1.24,1.53,4.00,-42.00,71.00,25.00,1.24
2019-11-17 00:37:45 UTC,81,0.62,1.10,1.13,6.00,-40.00,71.00,25.00,1.10
2019-11-17 00:39:45 UTC,82,0.82,1.28,1.28,8.00,-39.00,72.00,25.00,1.28
2019-11-17 00:41:45 UTC,83,0.71,1.19,1.19,10.00,-42.00,73.00,24.00,1.19
2019-11-17 00:43:45 UTC,84,0.60,0.99,0.99,12.00,-44.00,73.00,24.00,0.99
2019-11-17 00:50:30 UTC,85,1.10,1.92,1.94,2.00,-68.00,69.00,20.00,1.92
2019-11-17 00:52:30 UTC,86,0.78,1.37,1.49,4.00,-70.00,67.00,20.00,1.37
2019-11-17 00:54:30 UTC,87,1.00,1.81,1.86,6.00,-68.00,66.00,21.00,1.81
2019-11-17 00:56:30 UTC,88,1.17,1.99,1.99,8.00,-67.00,64.00,21.00,1.99
2019-11-17 00:58:30 UTC,89,1.43,2.17,2.19,10.00,-69.00,63.00,22.00,2.17
2019-11-17 01:00:30 UTC,90,1.37,2.38,2.97,12.00,-69.00,62.00,22.00,2.38
2019-11-17 01:02:30 UTC,91,1.12,1.80,1.93,14.00,-70.00,61.00,23.00,1.80
2019-11-17 01:04:30 UTC,92,1.13,2.23,2.53,16.00,-70.00,60.00,23.00,2.23
2019-11-17 01:06:30 UTC,93,1.30,2.09,2.16,18.00,-69.00,59.00,24.00,2.09
2019-11-17 01:08:30 UTC,94,1.37,2.10,2.10,20.00,-76.00,58.00,24.00,2.10
2019-11-17 01:10:30 UTC,95,1.18,1.84,1.91,22.00,-72.00,57.00,24.00,1.84
2019-11-17 01:12:30 UTC,96,1.00,1.57,1.69,24.00,-74.00,57.00,25.00,1.57
2019-11-17 01:14:30 UTC,97,1.15,1.79,2.82,26.00,-69.00,56.00,25.00,1.79
2019-11-17 01:16:30 UTC,98,1.57,2.36,2.99,28.00,-72.00,55.00,26.00,2.36
2019-11-17 01:18:30 UTC,99,1.31,2.58,3.63,30.00,-68.00,55.00,26.00,2.58
2019-11-17 01:20:30 UTC,100,1.37,2.27,2.57,32.00,-71.00,55.00,26.00,2.27
2019-11-17 01:22:30 UTC,101,1.31,2.00,2.49,34.00,-66.00,55.00,26.00,2.00
2019-11-17 01:24:30 UTC,102,1.04,1.74,2.68,36.00,-62.00,55.00,27.00,1.74
2019-11-17 01:26:30 UTC,103,1.36,1.91,2.09,38.00,-63.00,54.00,27.00,1.91
2019-11-17 01:28:30 UTC,104,1.15,1.88,2.12,40.00,-62.00,54.00,27.00,1.88
2019-11-17 01:30:30 UTC,105,1.20,1.80,1.83,42.00,-63.00,54.00,27.00,1.80
2019-11-17 01:32:30 UTC,106,1.09,1.70,1.93,44.00,-66.00,54.00,27.00,1.70
2019-11-17 01:34:30 UTC,107,1.09,1.45,1.59,46.00,-72.00,54.00,27.00,1.45
2019-11-17 01:36:30 UTC,108,0.97,1.57,1.74,48.00,-67.00,54.00,27.00,1.57
2019-11-17 01:38:30 UTC,109,1.24,1.71,1.71,50.00,-67.00,53.00,27.00,1.71
2019-11-17 01:40:30 UTC,110,1.13,1.83,1.97,52.00,-68.00,53.00,28.00,1.83
2019-11-17 01:42:30 UTC,111,1.09,1.78,1.82,54.00,-65.00,53.00,28.00,1.78
2019-11-17 01:44:30 UTC,112,1.13,1.56,1.84,56.00,-62.00,53.00,28.00,1.56
2019-11-17 01:46:30 UTC,113,1.10,2.20,2.65,58.00,-65.00,53.00,28.00,2.20
2019-11-17 01:48:30 UTC,114,0.90,1.91,2.33,60.00,-63.00,53.00,28.00,1.91
2019-11-17 01:50:30 UTC,115,1.00,1.75,1.75,62.00,-63.00,53.00,29.00,1.75
2019-11-17 01:52:30 UTC,116,0.96,1.37,2.18,64.00,-64.00,53.00,29.00,1.37
2019-11-17 01:54:30 UTC,117,1.14,2.20,2.65,66.00,-67.00,53.00,29.00,2.20
2019-11-17 01:56:30 UTC,118,1.16,1.65,1.88,68.00,-63.00,52.00,29.00,1.65
2019-11-17 01:58:31 UTC,119,1.20,1.81,2.03,70.00,-65.00,52.00,29.00,1.81
2019-11-17 02:00:30 UTC,120,1.31,1.78,1.91,72.00,-66.00,52.00,29.00,1.78
2019-11-17 02:02:30 UTC,121,1.19,2.03,2.06,74.00,-67.00,52.00,30.00,2.03
2019-11-17 02:04:30 UTC,122,1.13,1.39,1.51,76.00,-63.00,52.00,30.00,1.39
2019-11-17 02:06:30 UTC,123,1.39,2.02,2.71,78.00,-64.00,52.00,30.00,2.02
2019-11-17 02:08:30 UTC,124,1.23,1.81,2.42,80.00,-64.00,52.00,30.00,1.81
2019-11-17 02:10:30 UTC,125,1.10,1.73,2.03,82.00,-63.00,52.00,30.00,1.73
2019-11-17 02:12:30 UTC,126,0.96,1.50,1.64,84.00,-62.00,52.00,30.00,1.50
2019-11-17 02:14:30 UTC,127,1.12,1.99,2.24,86.00,-61.00,52.00,30.00,1.99
2019-11-17 02:16:30 UTC,128,1.47,2.28,2.57,88.00,-60.00,52.00,30.00,2.28
2019-11-17 02:18:30 UTC,129,1.04,1.64,1.64,90.00,-66.00,52.00,30.00,1.64
2019-11-17 02:20:30 UTC,130,0.96,1.54,1.79,92.00,-63.00,52.00,30.00,1.54
2019-11-17 02:22:30 UTC,131,1.04,1.96,2.30,94.00,-60.00,51.00,30.00,1.96
2019-11-17 02:24:30 UTC,132,1.37,2.24,2.40,96.00,-62.00,51.00,30.00,2.24
2019-11-17 02:26:30 UTC,133,1.31,2.06,2.31,98.00,-65.00,51.00,31.00,2.06
2019-11-17 02:28:30 UTC,134,1.01,1.81,2.00,100.00,-62.00,51.00,30.00,1.81
2019-11-17 02:30:30 UTC,135,1.10,1.67,1.96,102.00,-63.00,51.00,31.00,1.67
2019-11-17 02:32:30 UTC,136,1.19,2.04,2.43,104.00,-61.00,51.00,30.00,2.04
2019-11-17 02:34:30 UTC,137,1.40,2.31,3.04,106.00,-64.00,51.00,30.00,2.31
2019-11-17 02:36:30 UTC,138,1.21,1.70,1.83,108.00,-64.00,51.00,31.00,1.70
2019-11-17 02:38:30 UTC,139,0.97,1.49,1.65,110.00,-59.00,51.00,30.00,1.49
2019-11-17 02:40:30 UTC,140,1.25,2.15,2.22,112.00,-60.00,53.00,33.00,2.15
2019-11-17 02:42:30 UTC,141,1.32,2.15,2.18,114.00,-60.00,53.00,31.00,2.15
2019-11-17 02:44:30 UTC,142,0.91,1.29,1.41,116.00,-60.00,52.00,30.00,1.29
2019-11-17 02:46:30 UTC,143,0.90,1.61,1.77,118.00,-62.00,52.00,30.00,1.61
2019-11-17 02:48:30 UTC,144,0.96,1.27,1.44,120.00,-65.00,52.00,30.00,1.27
2019-11-17 02:50:30 UTC,145,1.15,1.36,1.54,122.00,-63.00,52.00,29.00,1.36
2019-11-17 02:52:30 UTC,146,1.00,1.56,1.78,124.00,-61.00,52.00,29.00,1.56
2019-11-17 02:54:30 UTC,147,1.09,1.66,1.83,126.00,-60.00,52.00,29.00,1.66
2019-11-17 02:56:30 UTC,148,0.90,1.49,1.70,128.00,-66.00,52.00,29.00,1.49
2019-11-17 02:58:29 UTC,149,0.85,1.38,1.53,130.00,-61.00,52.00,29.00,1.38
2019-11-17 03:00:30 UTC,150,0.91,1.47,1.65,132.00,-61.00,51.00,29.00,1.47
2019-11-17 03:02:30 UTC,151,0.86,1.64,2.07,134.00,-63.00,51.00,29.00,1.64
2019-11-17 03:04:29 UTC,152,0.61,1.23,1.72,136.00,-62.00,51.00,29.00,1.23
2019-11-17 03:06:30 UTC,153,1.16,1.41,1.65,138.00,-61.00,51.00,29.00,1.41
2019-11-17 03:08:29 UTC,154,0.91,1.41,1.59,140.00,-63.00,51.00,29.00,1.41
2019-11-17 03:10:29 UTC,155,0.91,1.38,2.18,142.00,-66.00,52.00,29.00,1.38
2019-11-17 03:12:30 UTC,156,0.97,1.33,1.41,144.00,-60.00,51.00,29.00,1.33
2019-11-17 03:14:30 UTC,157,0.48,1.28,1.42,146.00,-63.00,52.00,29.00,1.28
2019-11-17 03:16:30 UTC,158,0.81,1.34,1.88,148.00,-65.00,52.00,29.00,1.34
2019-11-17 03:18:30 UTC,159,0.48,0.84,1.28,150.00,-60.00,52.00,29.00,0.84
2019-11-17 03:20:29 UTC,160,0.74,1.06,1.06,152.00,-59.00,51.00,29.00,1.06
2019-11-17 03:22:29 UTC,161,1.42,2.04,2.30,154.00,-63.00,51.00,29.00,2.04
2019-11-17 03:24:30 UTC,162,0.81,1.74,2.15,156.00,-61.00,51.00,29.00,1.74
2019-11-17 03:26:29 UTC,163,0.61,1.19,1.66,158.00,-63.00,51.00,29.00,1.19
2019-11-17 03:28:30 UTC,164,0.83,1.38,1.76,160.00,-63.00,51.00,29.00,1.38
2019-11-17 03:30:29 UTC,165,0.86,1.46,1.59,162.00,-62.00,51.00,29.00,1.46
2019-11-17 03:32:30 UTC,166,0.81,1.87,2.25,164.00,-65.00,51.00,29.00,1.87
2019-11-17 03:34:30 UTC,167,0.56,1.15,1.24,166.00,-60.00,51.00,29.00,1.15
2019-11-17 03:36:29 UTC,168,0.85,1.13,1.76,168.00,-65.00,51.00,29.00,1.13
2019-11-17 03:38:29 UTC,169,0.94,1.29,1.57,170.00,-61.00,51.00,29.00,1.29
2019-11-17 03:40:30 UTC,170,0.82,1.10,1.39,172.00,-59.00,51.00,29.00,1.10
2019-11-17 03:42:29 UTC,171,0.64,1.33,1.50,174.00,-61.00,50.00,30.00,1.33
2019-11-17 03:44:29 UTC,172,1.17,2.03,2.03,176.00,-62.00,50.00,30.00,2.03
2019-11-17 03:46:30 UTC,173,0.79,1.32,1.57,178.00,-64.00,50.00,30.00,1.32
2019-11-17 03:48:29 UTC,174,1.07,1.68,2.01,180.00,-66.00,50.00,30.00,1.68
2019-11-17 03:50:30 UTC,175,0.90,1.37,1.62,182.00,-66.00,50.00,30.00,1.37
2019-11-17 03:52:29 UTC,176,0.56,1.07,1.07,184.00,-62.00,50.00,30.00,1.07
2019-11-17 03:54:30 UTC,177,0.46,0.90,0.90,186.00,-59.00,50.00,30.00,0.90
2019-11-17 03:56:30 UTC,178,0.81,1.32,1.65,188.00,-59.00,50.00,30.00,1.32
2019-11-17 03:58:30 UTC,179,1.18,1.96,2.28,190.00,-61.00,50.00,31.00,1.96
2019-11-17 04:00:30 UTC,180,2.75,3.90,4.71,192.00,-61.00,50.00,32.00,3.90
2019-11-17 04:02:29 UTC,181,2.74,4.34,5.18,194.00,-66.00,50.00,33.00,4.34
2019-11-17 04:04:30 UTC,182,3.34,4.47,5.74,196.00,-65.00,50.00,34.00,4.47
2019-11-17 04:06:29 UTC,183,3.10,3.97,4.44,198.00,-62.00,49.00,35.00,3.97
2019-11-17 04:08:29 UTC,184,2.30,2.96,3.52,200.00,-60.00,49.00,35.00,2.96
2019-11-17 04:10:30 UTC,185,2.63,3.76,3.83,202.00,-60.00,49.00,35.00,3.76
2019-11-17 04:12:29 UTC,186,2.26,3.36,3.77,204.00,-61.00,49.00,35.00,3.36
2019-11-17 04:14:29 UTC,187,2.08,3.00,3.39,206.00,-62.00,49.00,34.00,3.00
2019-11-17 04:16:30 UTC,188,1.90,3.06,3.54,208.00,-64.00,49.00,34.00,3.06
2019-11-17 04:18:30 UTC,189,1.64,2.29,2.54,210.00,-60.00,49.00,34.00,2.29
2019-11-17 04:20:29 UTC,190,1.59,2.49,2.99,212.00,-61.00,49.00,34.00,2.49
2019-11-17 04:22:30 UTC,191,2.06,2.90,3.43,214.00,-61.00,49.00,34.00,2.90
2019-11-17 04:24:29 UTC,192,1.28,2.51,2.61,216.00,-64.00,49.00,34.00,2.51
2019-11-17 04:26:30 UTC,193,1.35,2.18,2.18,218.00,-61.00,49.00,34.00,2.18
2019-11-17 04:28:30 UTC,194,1.41,2.32,2.49,220.00,-63.00,49.00,35.00,2.32
2019-11-17 04:30:29 UTC,195,1.52,2.23,2.65,222.00,-64.00,49.00,35.00,2.23
2019-11-17 04:32:30 UTC,196,1.78,2.76,2.96,224.00,-62.00,49.00,35.00,2.76
2019-11-17 04:34:30 UTC,197,1.85,2.41,2.67,226.00,-63.00,48.00,35.00,2.41
2019-11-17 04:36:29 UTC,198,1.80,2.56,3.14,228.00,-63.00,48.00,35.00,2.56
2019-11-17 04:38:30 UTC,199,1.88,2.96,3.58,230.00,-61.00,48.00,35.00,2.96
2019-11-17 04:40:30 UTC,200,1.59,2.62,2.80,232.00,-65.00,48.00,35.00,2.62
2019-11-17 04:42:29 UTC,201,1.79,2.64,2.66,234.00,-65.00,48.00,35.00,2.64
2019-11-17 04:44:29 UTC,202,1.23,2.14,2.14,236.00,-64.00,48.00,35.00,2.14
2019-11-17 04:46:30 UTC,203,1.38,2.52,3.00,238.00,-65.00,48.00,35.00,2.52
2019-11-17 04:48:29 UTC,204,1.51,2.38,3.06,240.00,-60.00,48.00,36.00,2.38
2019-11-17 04:50:30 UTC,205,1.88,2.78,2.97,242.00,-62.00,48.00,36.00,2.78
2019-11-17 04:52:30 UTC,206,2.23,3.13,3.28,244.00,-63.00,48.00,36.00,3.13
2019-11-17 04:54:30 UTC,207,1.93,3.06,3.29,246.00,-61.00,48.00,36.00,3.06
2019-11-17 04:56:29 UTC,208,2.09,3.34,3.51,248.00,-62.00,48.00,37.00,3.34
2019-11-17 04:58:29 UTC,209,1.92,2.77,3.42,250.00,-65.00,48.00,37.00,2.77
2019-11-17 05:00:30 UTC,210,2.38,3.70,4.17,252.00,-65.00,48.00,37.00,3.70
2019-11-17 05:02:30 UTC,211,1.76,2.67,3.12,254.00,-61.00,47.00,37.00,2.67
2019-11-17 05:04:29 UTC,212,1.93,3.07,3.23,256.00,-65.00,47.00,37.00,3.07
2019-11-17 05:06:30 UTC,213,1.66,2.22,2.49,258.00,-61.00,47.00,36.00,2.22
2019-11-17 05:08:29 UTC,214,1.83,2.91,3.13,260.00,-67.00,47.00,36.00,2.91
2019-11-17 05:10:29 UTC,215,1.84,2.42,2.58,262.00,-61.00,47.00,36.00,2.42
2019-11-17 05:12:30 UTC,216,2.37,3.83,3.96,264.00,-61.00,47.00,37.00,3.83
2019-11-17 05:14:29 UTC,217,2.15,3.19,3.45,266.00,-60.00,47.00,37.00,3.19
2019-11-17 05:16:29 UTC,218,1.88,2.83,3.14,268.00,-60.00,47.00,36.00,2.83
2019-11-17 05:18:30 UTC,219,1.89,2.59,2.69,270.00,-60.00,47.00,37.00,2.59
2019-11-17 05:20:30 UTC,220,1.71,2.09,2.51,272.00,-60.00,47.00,36.00,2.09
2019-11-17 05:22:29 UTC,221,1.62,2.43,2.77,274.00,-62.00,47.00,36.00,2.43
2019-11-17 05:24:30 UTC,222,1.50,2.32,2.66,276.00,-64.00,47.00,36.00,2.32
2019-11-17 05:26:29 UTC,223,1.46,2.51,2.91,278.00,-64.00,47.00,36.00,2.51
2019-11-17 05:28:29 UTC,224,1.91,3.03,3.20,280.00,-62.00,47.00,36.00,3.03
2019-11-17 05:30:30 UTC,225,2.09,3.07,3.43,282.00,-64.00,47.00,36.00,3.07
2019-11-17 05:32:29 UTC,226,3.06,4.64,5.21,284.00,-62.00,47.00,36.00,4.64
2019-11-17 05:34:29 UTC,227,3.41,6.28,7.64,286.00,-61.00,47.00,36.00,6.28
2019-11-17 05:36:30 UTC,228,45.93,100.75,140.88,288.00,-60.00,47.00,36.00,69.13
2019-11-17 05:38:30 UTC,229,216.57,539.90,754.17,290.00,-60.00,47.00,36.00,359.09
2019-11-17 05:40:30 UTC,230,243.32,746.78,1170.68,292.00,-64.00,47.00,36.00,496.87
2019-11-17 05:42:29 UTC,231,125.78,321.56,478.84,294.00,-59.00,47.00,36.00,213.53
2019-11-17 05:44:29 UTC,232,20.87,46.97,56.33,296.00,-59.00,47.00,36.00,38.72
2019-11-17 05:46:30 UTC,233,4.57,8.58,10.51,298.00,-61.00,47.00,36.00,8.58
2019-11-17 05:48:29 UTC,234,5.21,9.72,11.49,300.00,-61.00,47.00,36.00,9.72
2019-11-17 05:50:30 UTC,235,2.50,3.50,3.98,302.00,-63.00,47.00,36.00,3.50
2019-11-17 05:52:30 UTC,236,1.96,3.20,4.01,304.00,-62.00,47.00,36.00,3.20
2019-11-17 05:54:29 UTC,237,2.66,3.78,4.15,306.00,-63.00,47.00,37.00,3.78
2019-11-17 05:56:30 UTC,238,4.58,8.15,10.60,308.00,-62.00,47.00,37.00,8.15
2019-11-17 05:58:30 UTC,239,3.59,6.41,7.43,310.00,-62.00,47.00,37.00,6.41
2019-11-17 06:00:29 UTC,240,2.25,3.47,3.59,312.00,-65.00,47.00,37.00,3.47
2019-11-17 06:02:30 UTC,241,3.01,5.19,6.21,314.00,-63.00,47.00,37.00,5.19
2019-11-17 06:04:30 UTC,242,6.40,11.49,15.35,316.00,-62.00,47.00,37.00,11.49
2019-11-17 06:06:30 UTC,243,6.09,10.78,12.22,318.00,-65.00,47.00,37.00,10.78
2019-11-17 06:08:29 UTC,244,2.15,3.46,3.94,320.00,-61.00,47.00,37.00,3.46
2019-11-17 06:10:30 UTC,245,3.21,4.89,5.94,322.00,-62.00,47.00,37.00,4.89
2019-11-17 06:12:30 UTC,246,5.33,8.86,10.13,324.00,-65.00,47.00,37.00,8.86
2019-11-17 06:14:30 UTC,247,5.00,8.27,9.76,326.00,-63.00,47.00,37.00,8.27
2019-11-17 06:16:30 UTC,248,2.97,4.98,5.14,328.00,-62.00,47.00,37.00,4.98
2019-11-17 06:18:29 UTC,249,3.53,5.93,6.09,330.00,-61.00,47.00,37.00,5.93
2019-11-17 06:20:30 UTC,250,6.92,11.73,12.97,332.00,-66.00,47.00,37.00,11.73
2019-11-17 06:22:29 UTC,251,6.02,11.12,12.97,334.00,-62.00,47.00,37.00,11.12
2019-11-17 06:24:29 UTC,252,5.48,9.54,10.48,336.00,-60.00,47.00,37.00,9.54
2019-11-17 06:26:29 UTC,253,5.20,8.45,9.41,338.00,-61.00,47.00,37.00,8.45
2019-11-17 06:28:29 UTC,254,5.10,9.56,11.00,340.00,-61.00,47.00,37.00,9.56
2019-11-17 06:30:29 UTC,255,2.18,3.79,5.25,342.00,-63.00,47.00,37.00,3.79
2019-11-17 06:32:30 UTC,256,2.79,4.81,5.85,344.00,-61.00,47.00,37.00,4.81
2019-11-17 06:34:29 UTC,257,3.81,6.55,7.25,346.00,-61.00,47.00,37.00,6.55
2019-11-17 06:36:29 UTC,258,6.22,10.16,11.74,348.00,-64.00,47.00,37.00,10.16
2019-11-17 06:38:29 UTC,259,4.62,8.43,9.38,350.00,-66.00,47.00,37.00,8.43
2019-11-17 06:40:29 UTC,260,5.99,10.25,11.52,352.00,-63.00,47.00,38.00,10.25
2019-11-17 06:42:29 UTC,261,9.07,16.75,18.58,354.00,-63.00,47.00,38.00,16.75
2019-11-17 06:44:30 UTC,262,7.17,13.09,14.87,356.00,-61.00,47.00,38.00,13.09
2019-11-17 06:46:29 UTC,263,5.00,7.77,10.00,358.00,-65.00,47.00,38.00,7.77
2019-11-17 06:48:29 UTC,264,5.68,11.10,12.65,360.00,-60.00,47.00,38.00,11.10
2019-11-17 06:50:30 UTC,265,4.03,6.21,6.91,362.00,-64.00,47.00,38.00,6.21
2019-11-17 06:52:29 UTC,266,4.48,8.01,9.03,364.00,-62.00,47.00,38.00,8.01
2019-11-17 06:54:29 UTC,267,5.04,9.26,10.57,366.00,-63.00,47.00,38.00,9.26
2019-11-17 06:56:30 UTC,268,7.55,10.79,11.17,368.00,-68.00,47.00,38.00,10.79
2019-11-17 06:58:30 UTC,269,10.90,16.40,18.10,370.00,-63.00,47.00,39.00,16.40
2019-11-17 07:00:29 UTC,270,6.66,10.19,10.59,372.00,-63.00,47.00,39.00,10.19
2019-11-17 07:02:29 UTC,271,2.66,3.99,4.82,374.00,-62.00,47.00,39.00,3.99
2019-11-17 07:04:30 UTC,272,4.74,7.13,7.46,376.00,-62.00,46.00,39.00,7.13
2019-11-17 07:06:29 UTC,273,6.52,10.12,10.23,378.00,-65.00,46.00,39.00,10.12
2019-11-17 07:08:29 UTC,274,6.32,10.50,11.60,380.00,-64.00,46.00,40.00,10.50
2019-11-17 07:10:29 UTC,275,9.91,14.03,15.06,382.00,-66.00,46.00,40.00,14.03
2019-11-17 07:12:29 UTC,276,9.21,14.59,15.89,384.00,-61.00,45.00,40.00,14.59
2019-11-17 07:14:29 UTC,277,6.94,11.45,12.76,386.00,-63.00,46.00,40.00,11.45
2019-11-17 07:16:29 UTC,278,3.24,4.97,5.43,388.00,-65.00,46.00,40.00,4.97
2019-11-17 07:18:29 UTC,279,3.60,5.67,6.17,390.00,-63.00,46.00,40.00,5.67
2019-11-17 07:20:29 UTC,280,3.13,4.63,4.97,392.00,-63.00,46.00,40.00,4.63
2019-11-17 07:22:30 UTC,281,3.85,6.07,6.30,394.00,-67.00,46.00,40.00,6.07
2019-11-17 07:24:29 UTC,282,3.60,4.93,5.35,396.00,-64.00,46.00,40.00,4.93
2019-11-17 07:26:29 UTC,283,4.66,7.80,9.48,398.00,-62.00,46.00,40.00,7.80
2019-11-17 07:28:29 UTC,284,4.29,7.36,7.91,400.00,-61.00,46.00,40.00,7.36
2019-11-17 07:30:29 UTC,285,4.25,7.46,8.51,402.00,-67.00,46.00,40.00,7.46
2019-11-17 07:32:29 UTC,286,3.24,5.08,5.97,404.00,-61.00,46.00,40.00,5.08
2019-11-17 07:34:29 UTC,287,3.34,5.06,5.97,406.00,-62.00,47.00,40.00,5.06
2019-11-17 07:36:29 UTC,288,3.19,4.42,5.13,408.00,-64.00,47.00,40.00,4.42
2019-11-17 07:38:29 UTC,289,4.28,6.25,6.66,410.00,-61.00,47.00,40.00,6.25
2019-11-17 07:40:29 UTC,290,3.43,5.85,7.35,412.00,-65.00,47.00,40.00,5.85
2019-11-17 07:42:29 UTC,291,3.39,5.87,7.30,414.00,-64.00,47.00,40.00,5.87
2019-11-17 07:44:29 UTC,292,4.29,7.58,9.23,416.00,-63.00,47.00,40.00,7.58
2019-11-17 07:46:29 UTC,293,3.43,5.43,6.64,418.00,-63.00,47.00,40.00,5.43
2019-11-17 07:48:29 UTC,294,2.85,4.91,5.66,420.00,-62.00,47.00,40.00,4.91
2019-11-17 07:50:30 UTC,295,2.86,4.63,5.26,422.00,-62.00,47.00,40.00,4.63
2019-11-17 07:52:29 UTC,296,2.87,4.30,4.83,424.00,-61.00,47.00,40.00,4.30
2019-11-17 07:54:30 UTC,297,3.66,5.49,5.75,426.00,-61.00,47.00,40.00,5.49
2019-11-17 07:56:29 UTC,298,2.74,3.80,3.91,428.00,-61.00,47.00,40.00,3.80
2019-11-17 07:58:29 UTC,299,3.29,5.47,6.25,430.00,-61.00,47.00,40.00,5.47
2019-11-17 08:00:29 UTC,300,3.21,5.21,5.82,432.00,-61.00,47.00,40.00,5.21
2019-11-17 08:02:29 UTC,301,3.14,4.63,4.63,434.00,-60.00,47.00,40.00,4.63
2019-11-17 08:04:29 UTC,302,2.41,3.84,4.18,436.00,-63.00,46.00,40.00,3.84
2019-11-17 08:06:30 UTC,303,1.96,3.45,3.93,438.00,-62.00,46.00,40.00,3.45
2019-11-17 08:08:29 UTC,304,2.48,3.90,4.20,440.00,-61.00,46.00,40.00,3.90
2019-11-17 08:10:29 UTC,305,1.92,2.86,3.32,442.00,-62.00,46.00,40.00,2.86
2019-11-17 08:12:29 UTC,306,2.75,4.24,4.66,444.00,-61.00,46.00,41.00,4.24
2019-11-17 08:14:29 UTC,307,3.85,5.65,6.16,446.00,-67.00,46.00,41.00,5.65
2019-11-17 08:16:29 UTC,308,3.34,5.46,5.97,448.00,-61.00,46.00,41.00,5.46
2019-11-17 08:18:29 UTC,309,4.28,6.36,7.23,450.00,-58.00,46.00,41.00,6.36
2019-11-17 08:20:29 UTC,310,1.88,2.99,3.16,452.00,-62.00,46.00,40.00,2.99
2019-11-17 08:22:29 UTC,311,2.72,4.75,4.93,454.00,-65.00,46.00,41.00,4.75
2019-11-17 08:24:29 UTC,312,2.29,3.71,3.93,456.00,-63.00,46.00,41.00,3.71
2019-11-17 08:26:29 UTC,313,2.18,3.28,3.66,458.00,-62.00,46.00,41.00,3.28
2019-11-17 08:28:30 UTC,314,2.97,4.93,5.41,460.00,-64.00,46.00,41.00,4.93
2019-11-17 08:30:29 UTC,315,2.26,3.82,4.44,462.00,-62.00,46.00,41.00,3.82
2019-11-17 08:32:29 UTC,316,2.63,3.87,4.24,464.00,-66.00,46.00,41.00,3.87
2019-11-17 08:34:29 UTC,317,2.57,4.20,4.35,466.00,-64.00,46.00,41.00,4.20
2019-11-17 08:36:29 UTC,318,2.36,3.67,4.74,468.00,-60.00,46.00,41.00,3.67
2019-11-17 08:38:29 UTC,319,2.91,4.06,4.65,470.00,-61.00,46.00,41.00,4.06
2019-11-17 08:40:29 UTC,320,3.18,4.70,5.49,472.00,-62.00,46.00,41.00,4.70
2019-11-17 08:42:29 UTC,321,2.74,4.06,4.43,474.00,-62.00,46.00,41.00,4.06
2019-11-17 08:44:29 UTC,322,2.48,4.23,4.48,476.00,-61.00,46.00,41.00,4.23
2019-11-17 08:46:30 UTC,323,2.71,4.81,5.07,478.00,-62.00,46.00,41.00,4.81
2019-11-17 08:48:29 UTC,324,2.80,4.47,5.92,480.00,-62.00,46.00,41.00,4.47
2019-11-17 08:50:30 UTC,325,2.54,3.59,3.87,482.00,-63.00,46.00,41.00,3.59
2019-11-17 08:52:29 UTC,326,4.41,6.70,7.21,484.00,-65.00,46.00,41.00,6.70
2019-11-17 08:54:29 UTC,327,3.46,5.12,5.93,486.00,-62.00,46.00,41.00,5.12
2019-11-17 08:56:29 UTC,328,3.09,4.49,4.88,488.00,-63.00,46.00,41.00,4.49
2019-11-17 08:58:29 UTC,329,2.25,3.25,3.42,490.00,-62.00,46.00,41.00,3.25
2019-11-17 09:00:29 UTC,330,2.74,4.60,5.76,492.00,-63.00,46.00,41.00,4.60
2019-11-17 09:02:29 UTC,331,2.83,4.17,4.68,494.00,-62.00,46.00,41.00,4.17
2019-11-17 09:04:30 UTC,332,2.08,3.55,4.06,496.00,-63.00,46.00,41.00,3.55
2019-11-17 09:06:29 UTC,333,2.73,5.23,5.97,498.00,-63.00,46.00,41.00,5.23
2019-11-17 09:08:29 UTC,334,2.64,4.20,4.49,500.00,-61.00,46.00,41.00,4.20
2019-11-17 09:10:29 UTC,335,1.94,3.31,3.91,502.00,-66.00,46.00,41.00,3.31
2019-11-17 09:12:29 UTC,336,2.02,2.85,2.85,504.00,-61.00,46.00,41.00,2.85
2019-11-17 09:14:29 UTC,337,2.43,3.39,4.24,506.00,-63.00,46.00,41.00,3.39
2019-11-17 09:16:29 UTC,338,3.19,4.34,4.53,508.00,-64.00,45.00,41.00,4.34
2019-11-17 09:18:29 UTC,339,2.29,3.42,3.65,510.00,-61.00,45.00,41.00,3.42
2019-11-17 09:20:29 UTC,340,2.79,4.12,5.00,512.00,-64.00,45.00,41.00,4.12
2019-11-17 09:22:29 UTC,341,3.07,4.45,5.01,514.00,-63.00,45.00,41.00,4.45
2019-11-17 09:24:30 UTC,342,2.21,3.66,4.03,516.00,-64.00,45.00,41.00,3.66
2019-11-17 09:26:29 UTC,343,2.16,3.16,3.64,518.00,-63.00,45.00,41.00,3.16
2019-11-17 09:28:29 UTC,344,2.25,3.48,4.12,520.00,-62.00,45.00,41.00,3.48
2019-11-17 09:30:29 UTC,345,2.39,3.51,3.93,522.00,-66.00,45.00,41.00,3.51
2019-11-17 09:32:29 UTC,346,2.46,3.58,3.97,524.00,-65.00,45.00,41.00,3.58
2019-11-17 09:34:29 UTC,347,2.16,3.49,3.94,526.00,-60.00,45.00,42.00,3.49
2019-11-17 09:36:29 UTC,348,3.54,4.86,5.46,528.00,-63.00,45.00,42.00,4.86
2019-11-17 09:38:29 UTC,349,2.72,3.66,4.00,530.00,-62.00,45.00,42.00,3.66
2019-11-17 09:40:29 UTC,350,3.13,4.70,5.40,532.00,-61.00,45.00,42.00,4.70
2019-11-17 09:42:29 UTC,351,3.00,4.88,5.62,534.00,-63.00,45.00,42.00,4.88
2019-11-17 09:44:29 UTC,352,2.63,3.99,4.14,536.00,-61.00,45.00,42.00,3.99
2019-11-17 09:46:29 UTC,353,2.52,3.48,3.61,538.00,-65.00,45.00,42.00,3.48
2019-11-17 09:48:30 UTC,354,2.68,4.18,4.43,540.00,-60.00,45.00,42.00,4.18
2019-11-17 09:50:30 UTC,355,2.43,3.65,3.90,542.00,-65.00,45.00,42.00,3.65
2019-11-17 09:52:29 UTC,356,2.56,3.94,4.24,544.00,-61.00,45.00,42.00,3.94
2019-11-17 09:54:29 UTC,357,3.03,4.85,5.40,546.00,-63.00,45.00,42.00,4.85
2019-11-17 09:56:29 UTC,358,3.22,4.40,4.76,548.00,-62.00,45.00,42.00,4.40
2019-11-17 09:58:29 UTC,359,2.87,4.18,4.79,550.00,-61.00,45.00,42.00,4.18
2019-11-17 10:00:29 UTC,360,2.93,4.35,5.59,552.00,-61.00,45.00,42.00,4.35
2019-11-17 10:02:29 UTC,361,2.07,3.19,3.21,554.00,-62.00,45.00,42.00,3.19
2019-11-17 10:04:29 UTC,362,2.03,3.33,3.84,556.00,-63.00,45.00,42.00,3.33
2019-11-17 10:06:29 UTC,363,2.71,4.22,4.51,558.00,-60.00,44.00,42.00,4.22
2019-11-17 10:08:29 UTC,364,2.74,4.16,4.64,560.00,-65.00,45.00,42.00,4.16
2019-11-17 10:10:29 UTC,365,2.20,3.67,4.07,562.00,-63.00,44.00,42.00,3.67
2019-11-17 10:12:30 UTC,366,2.36,4.04,4.48,564.00,-61.00,44.00,42.00,4.04
2019-11-17 10:14:30 UTC,367,2.66,3.82,4.00,566.00,-60.00,44.00,42.00,3.82
2019-11-17 10:16:29 UTC,368,2.52,3.73,4.23,568.00,-61.00,44.00,42.00,3.73
2019-11-17 10:18:29 UTC,369,2.77,4.11,5.34,570.00,-61.00,43.00,42.00,4.11
2019-11-17 10:20:29 UTC,370,2.87,4.69,5.66,572.00,-61.00,44.00,42.00,4.69
2019-11-17 10:22:29 UTC,371,3.09,4.34,5.70,574.00,-66.00,44.00,42.00,4.34
2019-11-17 10:24:29 UTC,372,3.00,4.07,5.29,576.00,-62.00,44.00,42.00,4.07
2019-11-17 10:26:29 UTC,373,2.93,4.59,4.91,578.00,-60.00,44.00,42.00,4.59
2019-11-17 10:28:29 UTC,374,2.66,4.01,4.46,580.00,-60.00,44.00,42.00,4.01
2019-11-17 10:30:29 UTC,375,3.10,4.82,6.33,582.00,-68.00,44.00,42.00,4.82
2019-11-17 10:32:29 UTC,376,2.91,4.49,5.33,584.00,-62.00,44.00,43.00,4.49
2019-11-17 10:34:29 UTC,377,4.06,6.24,7.47,586.00,-64.00,44.00,43.00,6.24
2019-11-17 10:36:30 UTC,378,5.68,8.30,8.75,588.00,-61.00,44.00,43.00,8.30
2019-11-17 10:38:29 UTC,379,3.62,5.78,6.51,590.00,-62.00,44.00,43.00,5.78
2019-11-17 10:40:29 UTC,380,2.81,4.70,5.88,592.00,-63.00,43.00,43.00,4.70
2019-11-17 10:42:29 UTC,381,3.21,5.32,6.41,594.00,-61.00,43.00,43.00,5.32
2019-11-17 10:44:29 UTC,382,3.49,5.16,5.71,596.00,-62.00,44.00,43.00,5.16
2019-11-17 10:46:29 UTC,383,3.58,5.87,6.36,598.00,-63.00,44.00,43.00,5.87
2019-11-17 10:48:29 UTC,384,3.22,5.26,5.79,600.00,-62.00,44.00,43.00,5.26
2019-11-17 10:50:30 UTC,385,3.44,5.53,6.67,602.00,-67.00,44.00,44.00,5.53
2019-11-17 10:52:29 UTC,386,3.01,4.96,5.64,604.00,-61.00,43.00,44.00,4.96
2019-11-17 10:54:29 UTC,387,3.69,6.34,7.35,606.00,-61.00,44.00,45.00,6.34
2019-11-17 10:56:29 UTC,388,3.34,5.21,5.85,608.00,-61.00,43.00,45.00,5.21
2019-11-17 10:58:29 UTC,389,3.54,5.97,6.43,610.00,-60.00,44.00,45.00,5.97
2019-11-17 11:00:29 UTC,390,3.72,5.22,5.55,612.00,-63.00,43.00,45.00,5.22
2019-11-17 11:02:29 UTC,391,2.97,4.15,4.99,614.00,-60.00,43.00,45.00,4.15
2019-11-17 11:04:29 UTC,392,2.90,4.79,4.93,616.00,-65.00,43.00,44.00,4.79
2019-11-17 11:06:30 UTC,393,2.71,4.78,5.01,618.00,-64.00,43.00,44.00,4.78
2019-11-17 11:08:29 UTC,394,2.68,3.92,4.20,620.00,-63.00,44.00,44.00,3.92
2019-11-17 11:10:29 UTC,395,2.56,4.07,4.43,622.00,-60.00,44.00,44.00,4.07
2019-11-17 11:12:30 UTC,396,2.59,3.82,5.18,624.00,-66.00,43.00,44.00,3.82
2019-11-17 11:14:29 UTC,397,2.16,3.51,4.00,626.00,-64.00,44.00,44.00,3.51
2019-11-17 11:16:30 UTC,398,2.49,3.62,4.06,628.00,-63.00,43.00,44.00,3.62
2019-11-17 11:18:29 UTC,399,2.31,3.71,4.09,630.00,-66.00,44.00,44.00,3.71
2019-11-17 11:20:29 UTC,400,4.97,7.05,7.15,632.00,-64.00,44.00,45.00,7.05
2019-11-17 11:22:29 UTC,401,3.87,6.37,6.43,634.00,-60.00,44.00,45.00,6.37
2019-11-17 11:24:29 UTC,402,2.84,3.91,4.12,636.00,-63.00,44.00,45.00,3.91
2019-11-17 11:26:29 UTC,403,2.96,4.13,4.79,638.00,-61.00,44.00,45.00,4.13
2019-11-17 11:28:29 UTC,404,2.96,4.44,4.76,640.00,-65.00,43.00,45.00,4.44
2019-11-17 11:30:29 UTC,405,3.36,5.26,7.08,642.00,-60.00,44.00,45.00,5.26
2019-11-17 11:32:29 UTC,406,3.65,5.28,5.83,644.00,-61.00,44.00,45.00,5.28
2019-11-17 11:34:29 UTC,407,2.96,5.07,5.89,646.00,-61.00,44.00,45.00,5.07
2019-11-17 11:36:29 UTC,408,3.25,5.21,5.87,648.00,-61.00,44.00,45.00,5.21
2019-11-17 11:38:29 UTC,409,3.03,5.25,5.79,650.00,-62.00,43.00,45.00,5.25
2019-11-17 11:40:30 UTC,410,3.07,4.83,5.10,652.00,-64.00,44.00,46.00,4.83
2019-11-17 11:42:29 UTC,411,3.18,4.62,4.89,654.00,-61.00,44.00,46.00,4.62
2019-11-17 11:44:29 UTC,412,2.73,4.48,5.12,656.00,-65.00,44.00,46.00,4.48
2019-11-17 11:46:29 UTC,413,3.22,5.49,5.90,658.00,-60.00,44.00,46.00,5.49
2019-11-17 11:48:29 UTC,414,3.52,5.67,6.41,660.00,-61.00,44.00,46.00,5.67
2019-11-17 11:50:30 UTC,415,3.17,4.59,5.70,662.00,-59.00,44.00,46.00,4.59
2019-11-17 11:52:29 UTC,416,3.00,4.39,4.77,664.00,-63.00,43.00,46.00,4.39
2019-11-17 11:54:29 UTC,417,2.79,3.94,4.43,666.00,-62.00,44.00,46.00,3.94
2019-11-17 11:56:29 UTC,418,3.37,5.44,5.56,668.00,-62.00,44.00,46.00,5.44
2019-11-17 11:58:29 UTC,419,3.40,4.56,5.24,670.00,-62.00,44.00,46.00,4.56
2019-11-17 12:00:29 UTC,420,3.13,5.20,5.56,672.00,-62.00,44.00,46.00,5.20
2019-11-17 12:02:29 UTC,421,3.61,5.31,5.51,674.00,-61.00,44.00,46.00,5.31
2019-11-17 12:04:29 UTC,422,5.88,9.18,9.65,676.00,-64.00,44.00,46.00,9.18
2019-11-17 12:06:29 UTC,423,7.71,10.23,11.03,678.00,-64.00,44.00,46.00,10.23
2019-11-17 12:08:30 UTC,424,7.61,10.21,11.25,680.00,-61.00,44.00,46.00,10.21
2019-11-17 12:10:29 UTC,425,6.37,8.22,9.01,682.00,-62.00,43.00,46.00,8.22
2019-11-17 12:12:29 UTC,426,5.25,7.78,8.65,684.00,-63.00,43.00,46.00,7.78
2019-11-17 12:14:29 UTC,427,7.51,10.10,11.12,686.00,-65.00,43.00,46.00,10.10
2019-11-17 12:16:29 UTC,428,4.59,6.85,7.24,688.00,-62.00,43.00,46.00,6.85
2019-11-17 12:18:29 UTC,429,5.14,8.38,8.96,690.00,-66.00,43.00,46.00,8.38
2019-11-17 12:20:29 UTC,430,2.97,4.60,6.42,692.00,-61.00,43.00,46.00,4.60
2019-11-17 12:22:29 UTC,431,3.07,5.30,5.66,694.00,-62.00,43.00,46.00,5.30
2019-11-17 12:24:29 UTC,432,3.19,4.84,5.31,696.00,-65.00,43.00,45.00,4.84
2019-11-17 12:26:29 UTC,433,3.25,4.97,5.31,698.00,-61.00,43.00,45.00,4.97
2019-11-17 12:28:29 UTC,434,2.87,4.27,4.28,700.00,-62.00,43.00,45.00,4.27
2019-11-17 12:30:29 UTC,435,3.03,4.21,6.00,702.00,-60.00,43.00,45.00,4.21
2019-11-17 12:32:29 UTC,436,2.67,4.43,5.20,704.00,-59.00,43.00,45.00,4.43
2019-11-17 12:34:29 UTC,437,3.00,5.09,5.90,706.00,-60.00,43.00,45.00,5.09
2019-11-17 12:36:29 UTC,438,2.24,3.57,4.43,708.00,-65.00,43.00,45.00,3.57
2019-11-17 12:38:29 UTC,439,2.85,4.13,4.36,710.00,-64.00,43.00,45.00,4.13
2019-11-17 12:40:29 UTC,440,2.56,3.89,4.67,712.00,-60.00,43.00,45.00,3.89
2019-11-17 12:42:29 UTC,441,2.36,3.94,4.32,714.00,-60.00,43.00,45.00,3.94
2019-11-17 12:44:29 UTC,442,2.43,3.57,3.66,716.00,-65.00,43.00,45.00,3.57
2019-11-17 12:46:30 UTC,443,2.24,3.90,4.87,718.00,-61.00,43.00,45.00,3.90
2019-11-17 12:48:29 UTC,444,2.91,3.77,3.87,720.00,-60.00,43.00,45.00,3.77
2019-11-17 12:50:30 UTC,445,2.26,3.87,4.03,722.00,-65.00,43.00,46.00,3.87
2019-11-17 12:52:29 UTC,446,2.62,3.70,3.80,724.00,-67.00,43.00,46.00,3.70
2019-11-17 12:54:29 UTC,447,2.88,3.98,4.57,726.00,-66.00,43.00,46.00,3.98
2019-11-17 12:56:29 UTC,448,2.94,4.55,4.65,728.00,-65.00,43.00,46.00,4.55
2019-11-17 12:58:29 UTC,449,3.20,5.06,5.34,730.00,-65.00,43.00,46.00,5.06
2019-11-17 13:00:29 UTC,450,3.54,5.06,6.62,732.00,-65.00,43.00,46.00,5.06
2019-11-17 13:02:29 UTC,451,3.12,4.38,5.27,734.00,-61.00,43.00,46.00,4.38
2019-11-17 13:04:29 UTC,452,2.91,3.97,5.69,736.00,-60.00,43.00,46.00,3.97
2019-11-17 13:06:29 UTC,453,2.76,3.70,3.89,738.00,-61.00,43.00,46.00,3.70
2019-11-17 13:08:30 UTC,454,2.41,3.54,4.70,740.00,-65.00,43.00,46.00,3.54
2019-11-17 13:10:29 UTC,455,2.97,4.06,4.66,742.00,-62.00,42.00,46.00,4.06
2019-11-17 13:12:29 UTC,456,2.75,3.79,4.55,744.00,-65.00,43.00,46.00,3.79
2019-11-17 13:14:30 UTC,457,2.85,4.22,5.47,746.00,-60.00,43.00,46.00,4.22
2019-11-17 13:16:29 UTC,458,2.97,5.44,6.31,748.00,-66.00,42.00,46.00,5.44
2019-11-17 13:18:30 UTC,459,3.10,4.33,4.76,750.00,-63.00,42.00,46.00,4.33
2019-11-17 13:20:29 UTC,460,2.62,3.85,4.78,752.00,-61.00,43.00,46.00,3.85
2019-11-17 13:22:29 UTC,461,2.93,4.31,4.91,754.00,-63.00,43.00,46.00,4.31
2019-11-17 13:24:29 UTC,462,2.78,4.46,4.78,756.00,-63.00,43.00,46.00,4.46
2019-11-17 13:26:29 UTC,463,3.28,5.16,5.90,758.00,-62.00,43.00,46.00,5.16
2019-11-17 13:28:29 UTC,464,3.15,4.63,5.22,760.00,-61.00,43.00,46.00,4.63
2019-11-17 13:30:29 UTC,465,3.12,4.39,4.99,762.00,-63.00,43.00,46.00,4.39
2019-11-17 13:32:29 UTC,466,3.01,3.80,4.46,764.00,-63.00,43.00,46.00,3.80
2019-11-17 13:34:29 UTC,467,3.32,5.18,5.83,766.00,-66.00,43.00,46.00,5.18
2019-11-17 13:36:29 UTC,468,3.66,5.79,6.63,768.00,-61.00,43.00,46.00,5.79
2019-11-17 13:38:29 UTC,469,5.60,8.07,9.22,770.00,-61.00,43.00,46.00,8.07
2019-11-17 13:40:29 UTC,470,3.96,6.08,7.00,772.00,-61.00,43.00,46.00,6.08
2019-11-17 13:42:29 UTC,471,3.17,4.80,5.43,774.00,-60.00,43.00,46.00,4.80
2019-11-17 13:44:29 UTC,472,3.34,5.27,6.03,776.00,-62.00,43.00,46.00,5.27
2019-11-17 13:46:29 UTC,473,2.99,4.51,4.87,778.00,-65.00,43.00,46.00,4.51
2019-11-17 13:48:29 UTC,474,4.03,5.99,6.32,780.00,-62.00,43.00,46.00,5.99
2019-11-17 13:50:30 UTC,475,3.73,6.91,8.14,782.00,-61.00,43.00,46.00,6.91
2019-11-17 13:52:29 UTC,476,3.16,5.10,5.76,784.00,-61.00,43.00,46.00,5.10
2019-11-17 13:54:29 UTC,477,2.97,5.04,6.75,786.00,-65.00,42.00,46.00,5.04
2019-11-17 13:56:29 UTC,478,3.91,5.68,7.19,788.00,-60.00,42.00,46.00,5.68
2019-11-17 13:58:29 UTC,479,5.93,8.60,8.99,790.00,-62.00,42.00,47.00,8.60
2019-11-17 14:00:29 UTC,480,5.39,8.61,9.35,792.00,-60.00,42.00,47.00,8.61
2019-11-17 14:02:29 UTC,481,3.36,5.48,7.08,794.00,-66.00,42.00,47.00,5.48
2019-11-17 14:04:29 UTC,482,3.34,6.07,6.90,796.00,-67.00,42.00,47.00,6.07
2019-11-17 14:06:29 UTC,483,3.33,5.94,6.94,798.00,-61.00,42.00,47.00,5.94
2019-11-17 14:08:29 UTC,484,3.59,5.42,6.00,800.00,-64.00,42.00,47.00,5.42
2019-11-17 14:10:29 UTC,485,4.37,6.51,7.43,802.00,-62.00,42.00,47.00,6.51
2019-11-17 14:12:29 UTC,486,3.12,4.78,5.94,804.00,-62.00,42.00,47.00,4.78
2019-11-17 14:14:29 UTC,487,3.54,5.29,6.23,806.00,-61.00,42.00,47.00,5.29
2019-11-17 14:16:29 UTC,488,4.72,6.65,6.70,808.00,-65.00,42.00,47.00,6.65
2019-11-17 14:18:29 UTC,489,6.97,9.03,9.83,810.00,-62.00,42.00,46.00,9.03
2019-11-17 14:20:29 UTC,490,8.38,11.24,12.12,812.00,-66.00,42.00,46.00,11.24
2019-11-17 14:22:29 UTC,491,4.83,8.10,9.24,814.00,-64.00,42.00,46.00,8.10
2019-11-17 14:24:29 UTC,492,4.39,6.93,7.80,816.00,-63.00,42.00,46.00,6.93
2019-11-17 14:26:29 UTC,493,3.75,6.07,7.91,818.00,-62.00,42.00,46.00,6.07
2019-11-17 14:28:29 UTC,494,3.85,6.95,7.58,820.00,-64.00,42.00,47.00,6.95
2019-11-17 14:30:29 UTC,495,4.06,5.75,6.29,822.00,-63.00,42.00,47.00,5.75
2019-11-17 14:32:29 UTC,496,3.66,5.93,6.56,824.00,-63.00,42.00,47.00,5.93
2019-11-17 14:34:29 UTC,497,4.13,7.01,7.55,826.00,-63.00,42.00,47.00,7.01
2019-11-17 14:36:29 UTC,498,4.32,6.96,7.10,828.00,-67.00,42.00,47.00,6.96
2019-11-17 14:38:29 UTC,499,5.53,8.21,9.06,830.00,-61.00,42.00,47.00,8.21
2019-11-17 14:40:29 UTC,500,6.28,8.28,9.28,832.00,-62.00,42.00,47.00,8.28
2019-11-17 14:42:29 UTC,501,4.34,7.12,8.06,834.00,-66.00,42.00,48.00,7.12
2019-11-17 14:44:29 UTC,502,4.12,6.66,7.63,836.00,-63.00,42.00,48.00,6.66
2019-11-17 14:46:29 UTC,503,3.86,6.68,7.05,838.00,-65.00,42.00,48.00,6.68
2019-11-17 14:48:29 UTC,504,4.49,7.63,8.10,840.00,-65.00,42.00,48.00,7.63
2019-11-17 14:50:30 UTC,505,4.48,6.80,7.77,842.00,-62.00,42.00,47.00,6.80
2019-11-17 14:52:29 UTC,506,4.24,7.09,7.24,844.00,-66.00,42.00,47.00,7.09
2019-11-17 14:54:29 UTC,507,4.48,6.88,7.19,846.00,-65.00,42.00,48.00,6.88
2019-11-17 14:56:29 UTC,508,3.80,6.59,7.48,848.00,-65.00,42.00,47.00,6.59
2019-11-17 14:58:30 UTC,509,3.77,6.67,7.67,850.00,-64.00,42.00,47.00,6.67
2019-11-17 15:00:29 UTC,510,3.87,6.46,6.75,852.00,-63.00,42.00,47.00,6.46
2019-11-17 15:02:29 UTC,511,3.63,5.63,6.60,854.00,-62.00,42.00,47.00,5.63
2019-11-17 15:04:29 UTC,512,4.09,7.28,8.64,856.00,-65.00,42.00,47.00,7.28
2019-11-17 15:06:29 UTC,513,4.74,7.48,7.51,858.00,-62.00,42.00,47.00,7.48
2019-11-17 15:08:29 UTC,514,4.77,7.93,8.16,860.00,-65.00,42.00,47.00,7.93
2019-11-17 15:10:30 UTC,515,3.80,7.02,7.97,862.00,-63.00,42.00,47.00,7.02
2019-11-17 15:12:29 UTC,516,3.45,5.25,5.59,864.00,-60.00,42.00,47.00,5.25
2019-11-17 15:14:29 UTC,517,3.00,4.61,4.61,866.00,-64.00,42.00,47.00,4.61
2019-11-17 15:16:29 UTC,518,2.71,4.25,4.77,868.00,-62.00,42.00,47.00,4.25
2019-11-17 15:18:29 UTC,519,2.74,4.12,4.56,870.00,-63.00,42.00,47.00,4.12
2019-11-17 15:20:29 UTC,520,3.17,4.71,5.43,872.00,-65.00,42.00,47.00,4.71
2019-11-17 15:22:29 UTC,521,3.20,5.47,5.90,874.00,-65.00,42.00,46.00,5.47
2019-11-17 15:24:29 UTC,522,2.74,4.04,5.32,876.00,-65.00,42.00,46.00,4.04
2019-11-17 15:26:29 UTC,523,2.88,4.24,4.73,878.00,-64.00,42.00,46.00,4.24
2019-11-17 15:28:29 UTC,524,2.54,4.04,4.40,880.00,-63.00,42.00,46.00,4.04
2019-11-17 15:30:29 UTC,525,2.96,4.38,4.70,882.00,-61.00,42.00,46.00,4.38
2019-11-17 15:32:29 UTC,526,3.77,5.70,6.16,884.00,-64.00,42.00,46.00,5.70
2019-11-17 15:34:29 UTC,527,3.66,5.53,6.66,886.00,-63.00,43.00,46.00,5.53
2019-11-17 15:36:29 UTC,528,3.31,4.43,4.99,888.00,-66.00,43.00,46.00,4.43
2019-11-17 15:38:29 UTC,529,3.18,4.60,5.90,890.00,-65.00,43.00,46.00,4.60
2019-11-17 15:40:29 UTC,530,3.00,4.37,5.15,892.00,-62.00,43.00,46.00,4.37
2019-11-17 15:42:29 UTC,531,2.43,3.99,4.25,894.00,-63.00,43.00,46.00,3.99
2019-11-17 15:44:29 UTC,532,2.47,3.82,4.25,896.00,-62.00,43.00,46.00,3.82
2019-11-17 15:46:29 UTC,533,2.81,4.71,6.04,898.00,-60.00,43.00,46.00,4.71
2019-11-17 15:48:29 UTC,534,2.90,4.79,5.81,900.00,-61.00,43.00,46.00,4.79
2019-11-17 15:50:30 UTC,535,3.13,5.14,5.43,902.00,-62.00,43.00,46.00,5.14
2019-11-17 15:52:29 UTC,536,3.35,5.03,5.77,904.00,-63.00,43.00,46.00,5.03
2019-11-17 15:54:29 UTC,537,2.72,4.16,4.57,906.00,-64.00,43.00,46.00,4.16
2019-11-17 15:56:29 UTC,538,2.67,4.09,4.45,908.00,-61.00,43.00,45.00,4.09
2019-11-17 15:58:29 UTC,539,2.68,4.56,5.48,910.00,-62.00,43.00,45.00,4.56
2019-11-17 16:00:29 UTC,540,3.83,6.15,6.92,912.00,-62.00,43.00,45.00,6.15
2019-11-17 16:02:29 UTC,541,3.62,5.74,6.13,914.00,-61.00,43.00,46.00,5.74
2019-11-17 16:04:29 UTC,542,3.43,5.33,5.33,916.00,-61.00,43.00,46.00,5.33
2019-11-17 16:06:29 UTC,543,3.72,5.67,6.33,918.00,-66.00,43.00,46.00,5.67
2019-11-17 16:08:29 UTC,544,3.43,5.74,6.26,920.00,-62.00,43.00,46.00,5.74
2019-11-17 16:10:29 UTC,545,3.13,4.85,5.06,922.00,-61.00,43.00,46.00,4.85
2019-11-17 16:12:29 UTC,546,3.43,5.26,5.68,924.00,-62.00,43.00,46.00,5.26
2019-11-17 16:14:29 UTC,547,2.90,3.89,4.57,926.00,-63.00,43.00,46.00,3.89
2019-11-17 16:16:29 UTC,548,2.71,4.44,5.18,928.00,-61.00,43.00,46.00,4.44
2019-11-17 16:18:29 UTC,549,3.33,5.48,6.20,930.00,-60.00,43.00,45.00,5.48
2019-11-17 16:20:29 UTC,550,3.02,4.58,4.68,932.00,-62.00,43.00,45.00,4.58
2019-11-17 16:22:29 UTC,551,2.84,4.13,4.64,934.00,-64.00,44.00,45.00,4.13
2019-11-17 16:24:29 UTC,552,2.59,3.74,3.94,936.00,-62.00,44.00,44.00,3.74
2019-11-17 16:26:29 UTC,553,2.84,4.19,4.61,938.00,-65.00,44.00,44.00,4.19
2019-11-17 16:28:29 UTC,554,3.18,4.34,5.04,940.00,-61.00,44.00,44.00,4.34
2019-11-17 16:30:29 UTC,555,3.21,5.43,6.20,942.00,-60.00,44.00,44.00,5.43
2019-11-17 16:32:29 UTC,556,2.96,4.19,4.57,944.00,-61.00,44.00,44.00,4.19
2019-11-17 16:34:29 UTC,557,2.91,3.91,4.63,946.00,-63.00,45.00,44.00,3.91
2019-11-17 16:36:29 UTC,558,2.76,4.37,4.71,948.00,-63.00,45.00,43.00,4.37
2019-11-17 16:38:30 UTC,559,3.03,3.99,4.84,950.00,-63.00,45.00,43.00,3.99
2019-11-17 16:40:29 UTC,560,2.96,4.30,4.94,952.00,-60.00,45.00,43.00,4.30
2019-11-17 16:42:29 UTC,561,3.24,4.57,6.00,954.00,-65.00,45.00,43.00,4.57
2019-11-17 16:44:29 UTC,562,2.85,3.93,4.54,956.00,-63.00,46.00,43.00,3.93
2019-11-17 16:46:29 UTC,563,2.60,3.90,4.09,958.00,-61.00,46.00,43.00,3.90
2019-11-17 16:48:29 UTC,564,2.80,4.29,4.46,960.00,-66.00,46.00,42.00,4.29
2019-11-17 16:50:30 UTC,565,2.51,4.07,4.19,962.00,-66.00,46.00,42.00,4.07
2019-11-17 16:52:29 UTC,566,2.48,3.87,4.27,964.00,-63.00,46.00,41.00,3.87
2019-11-17 16:54:29 UTC,567,2.37,3.21,3.61,966.00,-59.00,47.00,41.00,3.21
2019-11-17 16:56:29 UTC,568,3.01,4.32,4.71,968.00,-60.00,47.00,41.00,4.32
2019-11-17 16:58:29 UTC,569,2.75,3.99,4.39,970.00,-62.00,47.00,41.00,3.99
2019-11-17 17:00:29 UTC,570,3.09,5.06,5.33,972.00,-62.00,47.00,41.00,5.06
2019-11-17 17:02:29 UTC,571,3.00,4.47,4.71,974.00,-62.00,47.00,41.00,4.47
2019-11-17 17:04:29 UTC,572,3.21,4.73,5.07,976.00,-62.00,47.00,40.00,4.73
2019-11-17 17:06:29 UTC,573,2.94,3.83,4.16,978.00,-67.00,48.00,40.00,3.83
2019-11-17 17:08:29 UTC,574,2.95,4.47,5.08,980.00,-65.00,48.00,40.00,4.47
2019-11-17 17:10:29 UTC,575,3.09,4.28,4.59,982.00,-61.00,48.00,40.00,4.28
2019-11-17 17:12:29 UTC,576,3.17,4.69,5.00,984.00,-63.00,48.00,40.00,4.69
2019-11-17 17:14:29 UTC,577,3.72,5.43,6.01,986.00,-62.00,48.00,40.00,5.43
2019-11-17 17:16:29 UTC,578,3.07,4.65,5.18,988.00,-65.00,49.00,40.00,4.65
2019-11-17 17:18:29 UTC,579,2.77,4.32,4.52,990.00,-62.00,49.00,39.00,4.32
2019-11-17 17:20:29 UTC,580,3.26,4.78,4.86,992.00,-62.00,49.00,39.00,4.78
2019-11-17 17:22:29 UTC,581,3.61,5.57,5.80,994.00,-61.00,49.00,39.00,5.57
2019-11-17 17:24:29 UTC,582,4.28,5.88,6.49,996.00,-61.00,49.00,39.00,5.88
2019-11-17 17:26:29 UTC,583,3.74,5.41,5.75,998.00,-60.00,49.00,39.00,5.41
2019-11-17 17:28:29 UTC,584,4.51,6.30,6.66,1000.00,-62.00,49.00,38.00,6.30
2019-11-17 17:30:29 UTC,585,4.54,6.28,6.57,1002.00,-64.00,50.00,38.00,6.28
2019-11-17 17:32:29 UTC,586,5.07,7.43,8.15,1004.00,-66.00,50.00,38.00,7.43
2019-11-17 17:34:29 UTC,587,4.85,6.57,7.06,1006.00,-60.00,50.00,38.00,6.57
2019-11-17 17:36:29 UTC,588,4.63,6.35,6.96,1008.00,-62.00,50.00,38.00,6.35
2019-11-17 17:38:29 UTC,589,4.93,6.86,7.48,1010.00,-68.00,50.00,38.00,6.86
2019-11-17 17:40:29 UTC,590,4.44,6.66,7.07,1012.00,-62.00,50.00,37.00,6.66
2019-11-17 17:42:29 UTC,591,4.67,7.00,7.47,1014.00,-60.00,50.00,37.00,7.00
2019-11-17 17:44:29 UTC,592,5.00,7.36,8.20,1016.00,-64.00,51.00,37.00,7.36
2019-11-17 17:46:29 UTC,593,5.37,7.30,7.79,1018.00,-65.00,51.00,37.00,7.30
2019-11-17 17:48:29 UTC,594,5.07,7.03,7.78,1020.00,-63.00,51.00,37.00,7.03
2019-11-17 17:50:30 UTC,595,5.31,8.34,9.25,1022.00,-61.00,51.00,37.00,8.34
2019-11-17 17:52:29 UTC,596,6.06,8.59,8.60,1024.00,-62.00,51.00,37.00,8.59
2019-11-17 17:54:29 UTC,597,6.31,8.54,9.00,1026.00,-66.00,51.00,37.00,8.54
2019-11-17 17:56:29 UTC,598,5.96,8.29,8.50,1028.00,-65.00,52.00,36.00,8.29
2019-11-17 17:58:29 UTC,599,6.34,8.84,9.47,1030.00,-62.00,52.00,36.00,8.84
2019-11-17 18:00:29 UTC,600,5.95,8.17,8.42,1032.00,-62.00,52.00,36.00,8.17
2019-11-17 18:02:29 UTC,601,6.09,8.33,8.85,1034.00,-63.00,52.00,36.00,8.33
2019-11-17 18:04:29 UTC,602,6.04,8.59,9.07,1036.00,-62.00,52.00,36.00,8.59
2019-11-17 18:06:29 UTC,603,6.12,8.28,9.57,1038.00,-64.00,52.00,36.00,8.28
2019-11-17 18:08:31 UTC,604,5.20,7.61,8.15,1040.00,-61.00,52.00,36.00,7.61
2019-11-17 18:10:29 UTC,605,5.30,7.70,8.09,1042.00,-63.00,52.00,35.00,7.70
2019-11-17 18:12:29 UTC,606,6.04,8.12,8.83,1044.00,-61.00,52.00,35.00,8.12
2019-11-17 18:14:29 UTC,607,5.80,8.70,9.10,1046.00,-62.00,53.00,35.00,8.70
2019-11-17 18:16:29 UTC,608,5.18,7.84,8.19,1048.00,-64.00,53.00,35.00,7.84
2019-11-17 18:18:29 UTC,609,5.31,7.49,8.34,1050.00,-62.00,53.00,35.00,7.49
2019-11-17 18:20:29 UTC,610,5.10,7.06,7.73,1052.00,-65.00,53.00,35.00,7.06
2019-11-17 18:22:29 UTC,611,5.20,7.39,7.93,1054.00,-63.00,53.00,35.00,7.39
2019-11-17 18:24:29 UTC,612,6.23,8.67,8.88,1056.00,-65.00,53.00,35.00,8.67
2019-11-17 18:26:29 UTC,613,5.82,8.26,8.92,1058.00,-61.00,53.00,35.00,8.26
2019-11-17 18:28:30 UTC,614,5.77,8.20,9.54,1060.00,-60.00,53.00,34.00,8.20
2019-11-17 18:30:29 UTC,615,6.56,8.94,9.36,1062.00,-61.00,53.00,34.00,8.94
2019-11-17 18:32:29 UTC,616,6.24,8.94,10.09,1064.00,-61.00,50.00,34.00,8.94
2019-11-17 18:34:29 UTC,617,5.36,8.16,8.87,1066.00,-64.00,53.00,34.00,8.16
2019-11-17 18:36:29 UTC,618,5.59,8.41,8.96,1068.00,-64.00,53.00,34.00,8.41
2019-11-17 18:38:29 UTC,619,5.41,7.64,7.79,1070.00,-65.00,53.00,34.00,7.64
2019-11-17 18:40:29 UTC,620,5.01,7.04,7.83,1072.00,-62.00,53.00,34.00,7.04
2019-11-17 18:42:29 UTC,621,4.91,6.93,7.07,1074.00,-64.00,53.00,34.00,6.93
2019-11-17 18:44:29 UTC,622,5.04,7.12,7.47,1076.00,-61.00,54.00,34.00,7.12
2019-11-17 18:46:29 UTC,623,4.31,5.96,6.38,1078.00,-60.00,54.00,34.00,5.96
2019-11-17 18:48:29 UTC,624,4.09,5.67,5.90,1080.00,-62.00,54.00,33.00,5.67
2019-11-17 18:50:30 UTC,625,4.21,5.51,6.24,1082.00,-60.00,54.00,33.00,5.51
2019-11-17 18:52:29 UTC,626,4.26,5.86,6.23,1084.00,-63.00,52.00,33.00,5.86
2019-11-17 18:54:29 UTC,627,4.28,5.86,6.48,1086.00,-61.00,54.00,33.00,5.86
2019-11-17 18:56:29 UTC,628,3.56,5.80,6.39,1088.00,-67.00,54.00,32.00,5.80
2019-11-17 18:58:29 UTC,629,3.55,5.16,5.42,1090.00,-63.00,54.00,33.00,5.16
2019-11-17 19:00:29 UTC,630,4.06,5.66,6.18,1092.00,-62.00,54.00,33.00,5.66
2019-11-17 19:02:29 UTC,631,4.10,6.12,6.16,1094.00,-63.00,54.00,33.00,6.12
2019-11-17 19:04:29 UTC,632,3.78,5.16,6.03,1096.00,-65.00,54.00,33.00,5.16
2019-11-17 19:06:29 UTC,633,3.46,5.32,5.81,1098.00,-62.00,54.00,32.00,5.32
2019-11-17 19:08:29 UTC,634,3.48,5.03,5.85,1100.00,-64.00,54.00,32.00,5.03
2019-11-17 19:10:29 UTC,635,3.40,5.32,5.54,1102.00,-64.00,54.00,32.00,5.32
2019-11-17 19:12:29 UTC,636,3.82,5.22,5.71,1104.00,-63.00,54.00,32.00,5.22
2019-11-17 19:14:29 UTC,637,4.14,5.39,5.61,1106.00,-69.00,55.00,32.00,5.39
2019-11-17 19:16:29 UTC,638,4.42,5.96,5.96,1108.00,-67.00,55.00,32.00,5.96
2019-11-17 19:18:29 UTC,639,4.96,6.54,6.88,1110.00,-60.00,55.00,32.00,6.54
2019-11-17 19:20:29 UTC,640,4.65,6.12,6.25,1112.00,-62.00,55.00,32.00,6.12
2019-11-17 19:22:29 UTC,641,3.82,5.47,5.81,1114.00,-63.00,55.00,31.00,5.47
2019-11-17 19:24:29 UTC,642,4.12,5.77,6.11,1116.00,-63.00,55.00,31.00,5.77
2019-11-17 19:26:29 UTC,643,3.94,6.15,6.50,1118.00,-64.00,55.00,31.00,6.15
2019-11-17 19:28:29 UTC,644,3.16,4.22,4.48,1120.00,-61.00,55.00,30.00,4.22
2019-11-17 19:30:29 UTC,645,3.26,4.89,5.50,1122.00,-66.00,55.00,31.00,4.89
2019-11-17 19:32:29 UTC,646,4.99,7.15,8.01,1124.00,-68.00,55.00,31.00,7.15
2019-11-17 19:34:29 UTC,647,5.46,8.22,8.31,1126.00,-63.00,56.00,31.00,8.22
2019-11-17 19:36:29 UTC,648,5.61,8.26,8.26,1128.00,-63.00,56.00,31.00,8.26
2019-11-17 19:38:29 UTC,649,5.83,8.19,8.71,1130.00,-62.00,56.00,31.00,8.19
2019-11-17 19:40:29 UTC,650,5.09,7.53,8.17,1132.00,-65.00,56.00,30.00,7.53
2019-11-17 19:42:29 UTC,651,4.33,6.49,7.39,1134.00,-64.00,56.00,30.00,6.49
2019-11-17 19:44:29 UTC,652,5.25,7.37,8.31,1136.00,-66.00,56.00,30.00,7.37
2019-11-17 19:46:29 UTC,653,5.15,7.04,7.66,1138.00,-66.00,57.00,30.00,7.04
2019-11-17 19:48:29 UTC,654,5.10,6.93,7.26,1140.00,-63.00,57.00,30.00,6.93
2019-11-17 19:50:30 UTC,655,5.21,8.33,9.57,1142.00,-62.00,57.00,30.00,8.33
2019-11-17 19:52:29 UTC,656,5.57,7.73,8.11,1144.00,-65.00,57.00,30.00,7.73
2019-11-17 19:54:29 UTC,657,5.55,8.35,9.14,1146.00,-67.00,57.00,30.00,8.35
2019-11-17 19:56:29 UTC,658,4.86,7.16,7.73,1148.00,-70.00,57.00,30.00,7.16
2019-11-17 19:58:29 UTC,659,4.39,6.63,6.87,1150.00,-66.00,57.00,30.00,6.63
2019-11-17 20:00:29 UTC,660,5.03,7.08,7.27,1152.00,-68.00,57.00,29.00,7.08
2019-11-17 20:02:29 UTC,661,4.91,7.21,7.57,1154.00,-64.00,57.00,29.00,7.21
2019-11-17 20:04:29 UTC,662,5.16,7.01,7.37,1156.00,-65.00,57.00,29.00,7.01
2019-11-17 20:06:29 UTC,663,4.57,6.03,6.28,1158.00,-65.00,57.00,29.00,6.03
2019-11-17 20:08:29 UTC,664,4.25,5.88,6.12,1160.00,-65.00,57.00,29.00,5.88
2019-11-17 20:10:29 UTC,665,4.79,7.26,7.71,1162.00,-66.00,58.00,29.00,7.26
2019-11-17 20:12:29 UTC,666,4.46,6.80,7.30,1164.00,-65.00,58.00,29.00,6.80
2019-11-17 20:14:29 UTC,667,4.70,6.35,7.07,1166.00,-68.00,58.00,29.00,6.35
2019-11-17 20:16:29 UTC,668,4.49,6.30,6.70,1168.00,-64.00,58.00,29.00,6.30
2019-11-17 20:18:29 UTC,669,4.93,6.97,7.07,1170.00,-62.00,58.00,29.00,6.97
2019-11-17 20:20:29 UTC,670,5.29,7.50,8.37,1172.00,-63.00,58.00,29.00,7.50
2019-11-17 20:22:29 UTC,671,5.35,7.26,8.16,1174.00,-65.00,58.00,29.00,7.26
2019-11-17 20:24:29 UTC,672,5.25,7.04,7.78,1176.00,-66.00,58.00,29.00,7.04
2019-11-17 20:26:29 UTC,673,4.72,7.28,7.62,1178.00,-67.00,58.00,29.00,7.28
2019-11-17 20:28:30 UTC,674,4.96,7.24,7.77,1180.00,-70.00,58.00,28.00,7.24
2019-11-17 20:30:29 UTC,675,5.09,7.68,8.28,1182.00,-73.00,58.00,28.00,7.68
2019-11-17 20:32:29 UTC,676,4.64,6.96,6.99,1184.00,-70.00,58.00,28.00,6.96
2019-11-17 20:34:29 UTC,677,4.97,6.37,6.51,1186.00,-71.00,58.00,28.00,6.37
2019-11-17 20:36:29 UTC,678,4.04,5.94,6.66,1188.00,-71.00,59.00,28.00,5.94
2019-11-17 20:38:29 UTC,679,4.07,6.14,6.47,1190.00,-71.00,59.00,28.00,6.14
2019-11-17 20:40:29 UTC,680,4.21,6.37,6.37,1192.00,-70.00,58.00,28.00,6.37
2019-11-17 20:42:29 UTC,681,4.46,6.42,7.17,1194.00,-66.00,59.00,28.00,6.42
2019-11-17 20:44:29 UTC,682,3.61,5.75,5.88,1196.00,-70.00,59.00,28.00,5.75
2019-11-17 20:46:29 UTC,683,3.77,5.19,5.53,1198.00,-67.00,59.00,27.00,5.19
2019-11-17 20:48:29 UTC,684,4.00,5.77,6.04,1200.00,-66.00,59.00,27.00,5.77
2019-11-17 20:50:30 UTC,685,3.93,5.10,5.31,1202.00,-67.00,59.00,27.00,5.10
2019-11-17 20:52:29 UTC,686,4.46,5.76,6.28,1204.00,-68.00,59.00,27.00,5.76
2019-11-17 20:54:29 UTC,687,3.97,5.50,5.54,1206.00,-71.00,58.00,27.00,5.50
2019-11-17 20:56:29 UTC,688,3.99,5.57,5.57,1208.00,-72.00,59.00,27.00,5.57
2019-11-17 20:58:29 UTC,689,3.59,5.18,5.65,1210.00,-66.00,59.00,27.00,5.18
2019-11-17 21:00:29 UTC,690,3.70,5.03,5.03,1212.00,-67.00,59.00,27.00,5.03
2019-11-17 21:02:29 UTC,691,3.91,5.67,6.06,1214.00,-72.00,59.00,27.00,5.67
2019-11-17 21:04:29 UTC,692,4.34,5.91,6.73,1216.00,-70.00,59.00,26.00,5.91
2019-11-17 21:06:29 UTC,693,4.42,6.20,6.48,1218.00,-69.00,59.00,27.00,6.20
2019-11-17 21:08:29 UTC,694,3.95,6.02,6.22,1220.00,-70.00,59.00,26.00,6.02
2019-11-17 21:10:29 UTC,695,4.21,6.37,6.73,1222.00,-64.00,58.00,27.00,6.37
2019-11-17 21:12:29 UTC,696,4.14,6.34,6.66,1224.00,-63.00,58.00,26.00,6.34
2019-11-17 21:14:29 UTC,697,4.16,5.94,6.32,1226.00,-69.00,59.00,27.00,5.94
2019-11-17 21:16:29 UTC,698,4.44,6.38,6.89,1228.00,-67.00,59.00,27.00,6.38
2019-11-17 21:18:29 UTC,699,4.45,6.54,7.41,1230.00,-63.00,59.00,26.00,6.54
2019-11-17 21:20:29 UTC,700,4.77,6.56,7.01,1232.00,-68.00,59.00,26.00,6.56
2019-11-17 21:22:29 UTC,701,4.03,6.09,6.35,1234.00,-66.00,59.00,26.00,6.09
2019-11-17 21:24:29 UTC,702,4.20,5.83,6.26,1236.00,-66.00,59.00,26.00,5.83
2019-11-17 21:26:29 UTC,703,3.79,5.82,6.66,1238.00,-69.00,59.00,26.00,5.82
2019-11-17 21:28:29 UTC,704,4.24,5.87,6.10,1240.00,-68.00,59.00,26.00,5.87
2019-11-17 21:30:29 UTC,705,3.14,4.69,5.01,1242.00,-65.00,60.00,26.00,4.69
2019-11-17 21:32:29 UTC,706,3.27,4.73,5.75,1244.00,-63.00,60.00,26.00,4.73
2019-11-17 21:34:29 UTC,707,3.83,5.24,5.79,1246.00,-62.00,59.00,26.00,5.24
2019-11-17 21:36:29 UTC,708,4.22,5.78,6.29,1248.00,-65.00,60.00,26.00,5.78
2019-11-17 21:38:29 UTC,709,3.51,5.27,5.46,1250.00,-62.00,60.00,26.00,5.27
2019-11-17 21:40:30 UTC,710,3.63,5.25,5.46,1252.00,-65.00,59.00,26.00,5.25
2019-11-17 21:42:29 UTC,711,3.77,5.47,5.86,1254.00,-64.00,59.00,26.00,5.47
2019-11-17 21:44:29 UTC,712,3.91,5.23,5.46,1256.00,-66.00,59.00,26.00,5.23
2019-11-17 21:46:29 UTC,713,3.90,4.96,5.22,1258.00,-65.00,59.00,26.00,4.96
2019-11-17 21:48:29 UTC,714,3.84,5.61,5.88,1260.00,-64.00,59.00,27.00,5.61
2019-11-17 21:50:30 UTC,715,3.32,5.01,5.13,1262.00,-67.00,60.00,27.00,5.01
2019-11-17 21:52:29 UTC,716,3.73,5.81,6.18,1264.00,-67.00,60.00,26.00,5.81
2019-11-17 21:54:29 UTC,717,4.20,6.16,6.36,1266.00,-63.00,60.00,26.00,6.16
2019-11-17 21:56:29 UTC,718,3.97,5.43,5.90,1268.00,-63.00,59.00,26.00,5.43
2019-11-17 21:58:29 UTC,719,3.40,5.03,5.53,1270.00,-69.00,59.00,26.00,5.03
2019-11-17 22:00:29 UTC,720,2.74,4.43,4.97,1272.00,-64.00,60.00,26.00,4.43
2019-11-17 22:02:29 UTC,721,3.83,5.10,5.10,1274.00,-64.00,60.00,26.00,5.10
2019-11-17 22:04:29 UTC,722,3.53,5.46,5.76,1276.00,-63.00,60.00,26.00,5.46
2019-11-17 22:06:29 UTC,723,3.64,5.12,5.39,1278.00,-63.00,60.00,26.00,5.12
2019-11-17 22:08:29 UTC,724,3.82,5.79,6.13,1280.00,-64.00,60.00,26.00,5.79
2019-11-17 22:10:29 UTC,725,3.41,4.45,4.61,1282.00,-67.00,60.00,26.00,4.45
2019-11-17 22:12:29 UTC,726,3.71,4.91,4.97,1284.00,-67.00,59.00,26.00,4.91
2019-11-17 22:14:29 UTC,727,3.44,5.30,5.80,1286.00,-65.00,60.00,26.00,5.30
2019-11-17 22:16:29 UTC,728,3.42,5.24,6.40,1288.00,-63.00,60.00,26.00,5.24
2019-11-17 22:18:29 UTC,729,3.91,5.31,5.81,1290.00,-62.00,60.00,26.00,5.31
2019-11-17 22:20:29 UTC,730,3.73,5.59,6.11,1292.00,-63.00,60.00,26.00,5.59
2019-11-17 22:22:29 UTC,731,3.21,4.64,5.37,1294.00,-66.00,60.00,26.00,4.64
2019-11-17 22:24:29 UTC,732,3.14,4.73,5.42,1296.00,-64.00,60.00,26.00,4.73
2019-11-17 22:26:29 UTC,733,3.03,4.46,4.49,1298.00,-65.00,60.00,26.00,4.46
2019-11-17 22:28:29 UTC,734,3.19,4.19,4.67,1300.00,-63.00,59.00,26.00,4.19
2019-11-17 22:30:29 UTC,735,2.94,3.97,4.11,1302.00,-66.00,60.00,26.00,3.97
2019-11-17 22:32:29 UTC,736,2.13,3.21,3.28,1304.00,-64.00,60.00,26.00,3.21
2019-11-17 22:34:29 UTC,737,2.17,3.42,3.42,1306.00,-62.00,60.00,25.00,3.42
2019-11-17 22:36:29 UTC,738,2.46,3.84,4.26,1308.00,-63.00,59.00,25.00,3.84
2019-11-17 22:38:29 UTC,739,2.22,3.47,3.47,1310.00,-68.00,59.00,26.00,3.47
2019-11-17 22:40:29 UTC,740,2.80,3.75,4.51,1312.00,-64.00,60.00,26.00,3.75
2019-11-17 22:42:29 UTC,741,2.64,3.25,3.69,1314.00,-65.00,60.00,26.00,3.25
2019-11-17 22:44:29 UTC,742,2.71,4.26,4.29,1316.00,-66.00,60.00,26.00,4.26
2019-11-17 22:46:29 UTC,743,2.45,3.88,4.23,1318.00,-64.00,60.00,25.00,3.88
2019-11-17 22:48:29 UTC,744,2.90,4.00,4.63,1320.00,-62.00,60.00,25.00,4.00
2019-11-17 22:50:30 UTC,745,3.13,4.67,5.20,1322.00,-63.00,60.00,25.00,4.67
2019-11-17 22:52:29 UTC,746,2.94,4.15,4.20,1324.00,-63.00,60.00,25.00,4.15
2019-11-17 22:54:29 UTC,747,3.07,4.54,5.49,1326.00,-65.00,60.00,25.00,4.54
2019-11-17 22:56:29 UTC,748,2.45,3.40,3.78,1328.00,-62.00,60.00,25.00,3.40
2019-11-17 22:58:29 UTC,749,3.19,4.16,4.46,1330.00,-64.00,60.00,25.00,4.16
2019-11-17 23:00:29 UTC,750,2.84,4.34,4.34,1332.00,-62.00,60.00,25.00,4.34
2019-11-17 23:02:29 UTC,751,2.37,3.51,4.00,1334.00,-65.00,60.00,25.00,3.51
2019-11-17 23:04:29 UTC,752,2.51,3.77,4.39,1336.00,-63.00,60.00,25.00,3.77
2019-11-17 23:06:29 UTC,753,2.83,4.05,4.05,1338.00,-62.00,59.00,25.00,4.05
2019-11-17 23:08:29 UTC,754,2.65,4.12,4.71,1340.00,-61.00,59.00,25.00,4.12
2019-11-17 23:10:29 UTC,755,2.76,3.79,4.08,1342.00,-68.00,59.00,25.00,3.79
2019-11-17 23:12:29 UTC,756,2.46,3.54,3.89,1344.00,-64.00,59.00,25.00,3.54
2019-11-17 23:14:29 UTC,757,2.46,2.97,3.09,1346.00,-61.00,59.00,26.00,2.97
2019-11-17 23:16:29 UTC,758,2.69,3.57,3.93,1348.00,-65.00,59.00,26.00,3.57
2019-11-17 23:18:29 UTC,759,2.88,3.54,3.84,1350.00,-64.00,59.00,26.00,3.54
2019-11-17 23:20:29 UTC,760,2.67,3.83,4.06,1352.00,-65.00,59.00,26.00,3.83
2019-11-17 23:22:29 UTC,761,2.45,3.90,4.30,1354.00,-64.00,59.00,26.00,3.90
2019-11-17 23:24:29 UTC,762,2.48,3.08,3.08,1356.00,-63.00,59.00,26.00,3.08
2019-11-17 23:26:29 UTC,763,3.03,4.17,4.21,1358.00,-63.00,58.00,26.00,4.17
2019-11-17 23:28:29 UTC,764,2.56,3.82,3.93,1360.00,-65.00,58.00,26.00,3.82
2019-11-17 23:30:29 UTC,765,2.09,3.18,3.18,1362.00,-69.00,58.00,26.00,3.18
2019-11-17 23:32:29 UTC,766,2.33,3.45,3.76,1364.00,-61.00,58.00,26.00,3.45
2019-11-17 23:34:29 UTC,767,2.00,3.58,3.96,1366.00,-63.00,58.00,26.00,3.58
2019-11-17 23:36:29 UTC,768,2.49,4.01,4.84,1368.00,-62.00,58.00,26.00,4.01
2019-11-17 23:38:29 UTC,769,1.97,3.03,3.12,1370.00,-67.00,58.00,26.00,3.03
2019-11-17 23:40:29 UTC,770,2.12,3.16,3.28,1372.00,-64.00,58.00,26.00,3.16
2019-11-17 23:42:29 UTC,771,2.49,3.81,4.35,1374.00,-63.00,58.00,26.00,3.81
2019-11-17 23:44:29 UTC,772,2.50,3.28,3.59,1376.00,-68.00,57.00,27.00,3.28
2019-11-17 23:46:29 UTC,773,2.19,3.36,4.37,1378.00,-63.00,57.00,27.00,3.36
2019-11-17 23:48:29 UTC,774,2.23,2.91,3.28,1380.00,-68.00,57.00,27.00,2.91
2019-11-17 23:50:30 UTC,775,2.09,3.14,3.47,1382.00,-66.00,57.00,27.00,3.14
2019-11-17 23:52:29 UTC,776,2.23,3.10,3.10,1384.00,-62.00,57.00,27.00,3.10
2019-11-17 23:54:29 UTC,777,1.89,3.01,3.19,1386.00,-67.00,57.00,28.00,3.01
2019-11-17 23:56:29 UTC,778,2.55,3.42,3.79,1388.00,-65.00,57.00,28.00,3.42
2019-11-17 23:58:29 UTC,779,2.07,2.93,2.93,1390.00,-68.00,57.00,28.00,2.93,
2019-11-17 00:33:45 UTC,79,0.71,1.69,2.35,2.00,-42.00,70.00,27.00,1.69
2019-11-17 00:35:48 UTC,80,0.59,1.24,1.53,4.00,-42.00,71.00,25.00,1.24
2019-11-17 00:37:45 UTC,81,0.62,1.10,1.13,6.00,-40.00,71.00,25.00,1.10
2019-11-17 00:39:45 UTC,82,0.82,1.28,1.28,8.00,-39.00,72.00,25.00,1.28
2019-11-17 00:41:45 UTC,83,0.71,1.19,1.19,10.00,-42.00,73.00,24.00,1.19
2019-11-17 00:43:45 UTC,84,0.60,0.99,0.99,12.00,-44.00,73.00,24.00,0.99
2019-11-17 00:50:30 UTC,85,1.10,1.92,1.94,2.00,-68.00,69.00,20.00,1.92
2019-11-17 00:52:30 UTC,86,0.78,1.37,1.49,4.00,-70.00,67.00,20.00,1.37
2019-11-17 00:54:30 UTC,87,1.00,1.81,1.86,6.00,-68.00,66.00,21.00,1.81
2019-11-17 00:56:30 UTC,88,1.17,1.99,1.99,8.00,-67.00,64.00,21.00,1.99
2019-11-17 00:58:30 UTC,89,1.43,2.17,2.19,10.00,-69.00,63.00,22.00,2.17
2019-11-17 01:00:30 UTC,90,1.37,2.38,2.97,12.00,-69.00,62.00,22.00,2.38
2019-11-17 01:02:30 UTC,91,1.12,1.80,1.93,14.00,-70.00,61.00,23.00,1.80
2019-11-17 01:04:30 UTC,92,1.13,2.23,2.53,16.00,-70.00,60.00,23.00,2.23
2019-11-17 01:06:30 UTC,93,1.30,2.09,2.16,18.00,-69.00,59.00,24.00,2.09
2019-11-17 01:08:30 UTC,94,1.37,2.10,2.10,20.00,-76.00,58.00,24.00,2.10
2019-11-17 01:10:30 UTC,95,1.18,1.84,1.91,22.00,-72.00,57.00,24.00,1.84
2019-11-17 01:12:30 UTC,96,1.00,1.57,1.69,24.00,-74.00,57.00,25.00,1.57
2019-11-17 01:14:30 UTC,97,1.15,1.79,2.82,26.00,-69.00,56.00,25.00,1.79
2019-11-17 01:16:30 UTC,98,1.57,2.36,2.99,28.00,-72.00,55.00,26.00,2.36
2019-11-17 01:18:30 UTC,99,1.31,2.58,3.63,30.00,-68.00,55.00,26.00,2.58
2019-11-17 01:20:30 UTC,100,1.37,2.27,2.57,32.00,-71.00,55.00,26.00,2.27
2019-11-17 01:22:30 UTC,101,1.31,2.00,2.49,34.00,-66.00,55.00,26.00,2.00
2019-11-17 01:24:30 UTC,102,1.04,1.74,2.68,36.00,-62.00,55.00,27.00,1.74
2019-11-17 01:26:30 UTC,103,1.36,1.91,2.09,38.00,-63.00,54.00,27.00,1.91
2019-11-17 01:28:30 UTC,104,1.15,1.88,2.12,40.00,-62.00,54.00,27.00,1.88
2019-11-17 01:30:30 UTC,105,1.20,1.80,1.83,42.00,-63.00,54.00,27.00,1.80
2019-11-17 01:32:30 UTC,106,1.09,1.70,1.93,44.00,-66.00,54.00,27.00,1.70
2019-11-17 01:34:30 UTC,107,1.09,1.45,1.59,46.00,-72.00,54.00,27.00,1.45
2019-11-17 01:36:30 UTC,108,0.97,1.57,1.74,48.00,-67.00,54.00,27.00,1.57
2019-11-17 01:38:30 UTC,109,1.24,1.71,1.71,50.00,-67.00,53.00,27.00,1.71
2019-11-17 01:40:30 UTC,110,1.13,1.83,1.97,52.00,-68.00,53.00,28.00,1.83
2019-11-17 01:42:30 UTC,111,1.09,1.78,1.82,54.00,-65.00,53.00,28.00,1.78
2019-11-17 01:44:30 UTC,112,1.13,1.56,1.84,56.00,-62.00,53.00,28.00,1.56
2019-11-17 01:46:30 UTC,113,1.10,2.20,2.65,58.00,-65.00,53.00,28.00,2.20
2019-11-17 01:48:30 UTC,114,0.90,1.91,2.33,60.00,-63.00,53.00,28.00,1.91
2019-11-17 01:50:30 UTC,115,1.00,1.75,1.75,62.00,-63.00,53.00,29.00,1.75
2019-11-17 01:52:30 UTC,116,0.96,1.37,2.18,64.00,-64.00,53.00,29.00,1.37
2019-11-17 01:54:30 UTC,117,1.14,2.20,2.65,66.00,-67.00,53.00,29.00,2.20
2019-11-17 01:56:30 UTC,118,1.16,1.65,1.88,68.00,-63.00,52.00,29.00,1.65
2019-11-17 01:58:31 UTC,119,1.20,1.81,2.03,70.00,-65.00,52.00,29.00,1.81
2019-11-17 02:00:30 UTC,120,1.31,1.78,1.91,72.00,-66.00,52.00,29.00,1.78
2019-11-17 02:02:30 UTC,121,1.19,2.03,2.06,74.00,-67.00,52.00,30.00,2.03
2019-11-17 02:04:30 UTC,122,1.13,1.39,1.51,76.00,-63.00,52.00,30.00,1.39
2019-11-17 02:06:30 UTC,123,1.39,2.02,2.71,78.00,-64.00,52.00,30.00,2.02
2019-11-17 02:08:30 UTC,124,1.23,1.81,2.42,80.00,-64.00,52.00,30.00,1.81
2019-11-17 02:10:30 UTC,125,1.10,1.73,2.03,82.00,-63.00,52.00,30.00,1.73
2019-11-17 02:12:30 UTC,126,0.96,1.50,1.64,84.00,-62.00,52.00,30.00,1.50
2019-11-17 02:14:30 UTC,127,1.12,1.99,2.24,86.00,-61.00,52.00,30.00,1.99
2019-11-17 02:16:30 UTC,128,1.47,2.28,2.57,88.00,-60.00,52.00,30.00,2.28
2019-11-17 02:18:30 UTC,129,1.04,1.64,1.64,90.00,-66.00,52.00,30.00,1.64
2019-11-17 02:20:30 UTC,130,0.96,1.54,1.79,92.00,-63.00,52.00,30.00,1.54
2019-11-17 02:22:30 UTC,131,1.04,1.96,2.30,94.00,-60.00,51.00,30.00,1.96
2019-11-17 02:24:30 UTC,132,1.37,2.24,2.40,96.00,-62.00,51.00,30.00,2.24
2019-11-17 02:26:30 UTC,133,1.31,2.06,2.31,98.00,-65.00,51.00,31.00,2.06
2019-11-17 02:28:30 UTC,134,1.01,1.81,2.00,100.00,-62.00,51.00,30.00,1.81
2019-11-17 02:30:30 UTC,135,1.10,1.67,1.96,102.00,-63.00,51.00,31.00,1.67
2019-11-17 02:32:30 UTC,136,1.19,2.04,2.43,104.00,-61.00,51.00,30.00,2.04
2019-11-17 02:34:30 UTC,137,1.40,2.31,3.04,106.00,-64.00,51.00,30.00,2.31
2019-11-17 02:36:30 UTC,138,1.21,1.70,1.83,108.00,-64.00,51.00,31.00,1.70
2019-11-17 02:38:30 UTC,139,0.97,1.49,1.65,110.00,-59.00,51.00,30.00,1.49
2019-11-17 02:40:30 UTC,140,1.25,2.15,2.22,112.00,-60.00,53.00,33.00,2.15
2019-11-17 02:42:30 UTC,141,1.32,2.15,2.18,114.00,-60.00,53.00,31.00,2.15
2019-11-17 02:44:30 UTC,142,0.91,1.29,1.41,116.00,-60.00,52.00,30.00,1.29
2019-11-17 02:46:30 UTC,143,0.90,1.61,1.77,118.00,-62.00,52.00,30.00,1.61
2019-11-17 02:48:30 UTC,144,0.96,1.27,1.44,120.00,-65.00,52.00,30.00,1.27
2019-11-17 02:50:30 UTC,145,1.15,1.36,1.54,122.00,-63.00,52.00,29.00,1.36
2019-11-17 02:52:30 UTC,146,1.00,1.56,1.78,124.00,-61.00,52.00,29.00,1.56
2019-11-17 02:54:30 UTC,147,1.09,1.66,1.83,126.00,-60.00,52.00,29.00,1.66
2019-11-17 02:56:30 UTC,148,0.90,1.49,1.70,128.00,-66.00,52.00,29.00,1.49
2019-11-17 02:58:29 UTC,149,0.85,1.38,1.53,130.00,-61.00,52.00,29.00,1.38
2019-11-17 03:00:30 UTC,150,0.91,1.47,1.65,132.00,-61.00,51.00,29.00,1.47
2019-11-17 03:02:30 UTC,151,0.86,1.64,2.07,134.00,-63.00,51.00,29.00,1.64
2019-11-17 03:04:29 UTC,152,0.61,1.23,1.72,136.00,-62.00,51.00,29.00,1.23
2019-11-17 03:06:30 UTC,153,1.16,1.41,1.65,138.00,-61.00,51.00,29.00,1.41
2019-11-17 03:08:29 UTC,154,0.91,1.41,1.59,140.00,-63.00,51.00,29.00,1.41
2019-11-17 03:10:29 UTC,155,0.91,1.38,2.18,142.00,-66.00,52.00,29.00,1.38
2019-11-17 03:12:30 UTC,156,0.97,1.33,1.41,144.00,-60.00,51.00,29.00,1.33
2019-11-17 03:14:30 UTC,157,0.48,1.28,1.42,146.00,-63.00,52.00,29.00,1.28
2019-11-17 03:16:30 UTC,158,0.81,1.34,1.88,148.00,-65.00,52.00,29.00,1.34
2019-11-17 03:18:30 UTC,159,0.48,0.84,1.28,150.00,-60.00,52.00,29.00,0.84
2019-11-17 03:20:29 UTC,160,0.74,1.06,1.06,152.00,-59.00,51.00,29.00,1.06
2019-11-17 03:22:29 UTC,161,1.42,2.04,2.30,154.00,-63.00,51.00,29.00,2.04
2019-11-17 03:24:30 UTC,162,0.81,1.74,2.15,156.00,-61.00,51.00,29.00,1.74
2019-11-17 03:26:29 UTC,163,0.61,1.19,1.66,158.00,-63.00,51.00,29.00,1.19
2019-11-17 03:28:30 UTC,164,0.83,1.38,1.76,160.00,-63.00,51.00,29.00,1.38
2019-11-17 03:30:29 UTC,165,0.86,1.46,1.59,162.00,-62.00,51.00,29.00,1.46
2019-11-17 03:32:30 UTC,166,0.81,1.87,2.25,164.00,-65.00,51.00,29.00,1.87
2019-11-17 03:34:30 UTC,167,0.56,1.15,1.24,166.00,-60.00,51.00,29.00,1.15
2019-11-17 03:36:29 UTC,168,0.85,1.13,1.76,168.00,-65.00,51.00,29.00,1.13
2019-11-17 03:38:29 UTC,169,0.94,1.29,1.57,170.00,-61.00,51.00,29.00,1.29
2019-11-17 03:40:30 UTC,170,0.82,1.10,1.39,172.00,-59.00,51.00,29.00,1.10
2019-11-17 03:42:29 UTC,171,0.64,1.33,1.50,174.00,-61.00,50.00,30.00,1.33
2019-11-17 03:44:29 UTC,172,1.17,2.03,2.03,176.00,-62.00,50.00,30.00,2.03
2019-11-17 03:46:30 UTC,173,0.79,1.32,1.57,178.00,-64.00,50.00,30.00,1.32
2019-11-17 03:48:29 UTC,174,1.07,1.68,2.01,180.00,-66.00,50.00,30.00,1.68
2019-11-17 03:50:30 UTC,175,0.90,1.37,1.62,182.00,-66.00,50.00,30.00,1.37
2019-11-17 03:52:29 UTC,176,0.56,1.07,1.07,184.00,-62.00,50.00,30.00,1.07
2019-11-17 03:54:30 UTC,177,0.46,0.90,0.90,186.00,-59.00,50.00,30.00,0.90
2019-11-17 03:56:30 UTC,178,0.81,1.32,1.65,188.00,-59.00,50.00,30.00,1.32
2019-11-17 03:58:30 UTC,179,1.18,1.96,2.28,190.00,-61.00,50.00,31.00,1.96
2019-11-17 04:00:30 UTC,180,2.75,3.90,4.71,192.00,-61.00,50.00,32.00,3.90
2019-11-17 04:02:29 UTC,181,2.74,4.34,5.18,194.00,-66.00,50.00,33.00,4.34
2019-11-17 04:04:30 UTC,182,3.34,4.47,5.74,196.00,-65.00,50.00,34.00,4.47
2019-11-17 04:06:29 UTC,183,3.10,3.97,4.44,198.00,-62.00,49.00,35.00,3.97
2019-11-17 04:08:29 UTC,184,2.30,2.96,3.52,200.00,-60.00,49.00,35.00,2.96
2019-11-17 04:10:30 UTC,185,2.63,3.76,3.83,202.00,-60.00,49.00,35.00,3.76
2019-11-17 04:12:29 UTC,186,2.26,3.36,3.77,204.00,-61.00,49.00,35.00,3.36
2019-11-17 04:14:29 UTC,187,2.08,3.00,3.39,206.00,-62.00,49.00,34.00,3.00
2019-11-17 04:16:30 UTC,188,1.90,3.06,3.54,208.00,-64.00,49.00,34.00,3.06
2019-11-17 04:18:30 UTC,189,1.64,2.29,2.54,210.00,-60.00,49.00,34.00,2.29
2019-11-17 04:20:29 UTC,190,1.59,2.49,2.99,212.00,-61.00,49.00,34.00,2.49
2019-11-17 04:22:30 UTC,191,2.06,2.90,3.43,214.00,-61.00,49.00,34.00,2.90
2019-11-17 04:24:29 UTC,192,1.28,2.51,2.61,216.00,-64.00,49.00,34.00,2.51
2019-11-17 04:26:30 UTC,193,1.35,2.18,2.18,218.00,-61.00,49.00,34.00,2.18
2019-11-17 04:28:30 UTC,194,1.41,2.32,2.49,220.00,-63.00,49.00,35.00,2.32
2019-11-17 04:30:29 UTC,195,1.52,2.23,2.65,222.00,-64.00,49.00,35.00,2.23
2019-11-17 04:32:30 UTC,196,1.78,2.76,2.96,224.00,-62.00,49.00,35.00,2.76
2019-11-17 04:34:30 UTC,197,1.85,2.41,2.67,226.00,-63.00,48.00,35.00,2.41
2019-11-17 04:36:29 UTC,198,1.80,2.56,3.14,228.00,-63.00,48.00,35.00,2.56
2019-11-17 04:38:30 UTC,199,1.88,2.96,3.58,230.00,-61.00,48.00,35.00,2.96
2019-11-17 04:40:30 UTC,200,1.59,2.62,2.80,232.00,-65.00,48.00,35.00,2.62
2019-11-17 04:42:29 UTC,201,1.79,2.64,2.66,234.00,-65.00,48.00,35.00,2.64
2019-11-17 04:44:29 UTC,202,1.23,2.14,2.14,236.00,-64.00,48.00,35.00,2.14
2019-11-17 04:46:30 UTC,203,1.38,2.52,3.00,238.00,-65.00,48.00,35.00,2.52
2019-11-17 04:48:29 UTC,204,1.51,2.38,3.06,240.00,-60.00,48.00,36.00,2.38
2019-11-17 04:50:30 UTC,205,1.88,2.78,2.97,242.00,-62.00,48.00,36.00,2.78
2019-11-17 04:52:30 UTC,206,2.23,3.13,3.28,244.00,-63.00,48.00,36.00,3.13
2019-11-17 04:54:30 UTC,207,1.93,3.06,3.29,246.00,-61.00,48.00,36.00,3.06
2019-11-17 04:56:29 UTC,208,2.09,3.34,3.51,248.00,-62.00,48.00,37.00,3.34
2019-11-17 04:58:29 UTC,209,1.92,2.77,3.42,250.00,-65.00,48.00,37.00,2.77
2019-11-17 05:00:30 UTC,210,2.38,3.70,4.17,252.00,-65.00,48.00,37.00,3.70
2019-11-17 05:02:30 UTC,211,1.76,2.67,3.12,254.00,-61.00,47.00,37.00,2.67
2019-11-17 05:04:29 UTC,212,1.93,3.07,3.23,256.00,-65.00,47.00,37.00,3.07
2019-11-17 05:06:30 UTC,213,1.66,2.22,2.49,258.00,-61.00,47.00,36.00,2.22
2019-11-17 05:08:29 UTC,214,1.83,2.91,3.13,260.00,-67.00,47.00,36.00,2.91
2019-11-17 05:10:29 UTC,215,1.84,2.42,2.58,262.00,-61.00,47.00,36.00,2.42
2019-11-17 05:12:30 UTC,216,2.37,3.83,3.96,264.00,-61.00,47.00,37.00,3.83
2019-11-17 05:14:29 UTC,217,2.15,3.19,3.45,266.00,-60.00,47.00,37.00,3.19
2019-11-17 05:16:29 UTC,218,1.88,2.83,3.14,268.00,-60.00,47.00,36.00,2.83
2019-11-17 05:18:30 UTC,219,1.89,2.59,2.69,270.00,-60.00,47.00,37.00,2.59
2019-11-17 05:20:30 UTC,220,1.71,2.09,2.51,272.00,-60.00,47.00,36.00,2.09
2019-11-17 05:22:29 UTC,221,1.62,2.43,2.77,274.00,-62.00,47.00,36.00,2.43
2019-11-17 05:24:30 UTC,222,1.50,2.32,2.66,276.00,-64.00,47.00,36.00,2.32
2019-11-17 05:26:29 UTC,223,1.46,2.51,2.91,278.00,-64.00,47.00,36.00,2.51
2019-11-17 05:28:29 UTC,224,1.91,3.03,3.20,280.00,-62.00,47.00,36.00,3.03
2019-11-17 05:30:30 UTC,225,2.09,3.07,3.43,282.00,-64.00,47.00,36.00,3.07
2019-11-17 05:32:29 UTC,226,3.06,4.64,5.21,284.00,-62.00,47.00,36.00,4.64
2019-11-17 05:34:29 UTC,227,3.41,6.28,7.64,286.00,-61.00,47.00,36.00,6.28
2019-11-17 05:36:30 UTC,228,45.93,100.75,140.88,288.00,-60.00,47.00,36.00,69.13
2019-11-17 05:38:30 UTC,229,216.57,539.90,754.17,290.00,-60.00,47.00,36.00,359.09
2019-11-17 05:40:30 UTC,230,243.32,746.78,1170.68,292.00,-64.00,47.00,36.00,496.87
2019-11-17 05:42:29 UTC,231,125.78,321.56,478.84,294.00,-59.00,47.00,36.00,213.53
2019-11-17 05:44:29 UTC,232,20.87,46.97,56.33,296.00,-59.00,47.00,36.00,38.72
2019-11-17 05:46:30 UTC,233,4.57,8.58,10.51,298.00,-61.00,47.00,36.00,8.58
2019-11-17 05:48:29 UTC,234,5.21,9.72,11.49,300.00,-61.00,47.00,36.00,9.72
2019-11-17 05:50:30 UTC,235,2.50,3.50,3.98,302.00,-63.00,47.00,36.00,3.50
2019-11-17 05:52:30 UTC,236,1.96,3.20,4.01,304.00,-62.00,47.00,36.00,3.20
2019-11-17 05:54:29 UTC,237,2.66,3.78,4.15,306.00,-63.00,47.00,37.00,3.78
2019-11-17 05:56:30 UTC,238,4.58,8.15,10.60,308.00,-62.00,47.00,37.00,8.15
2019-11-17 05:58:30 UTC,239,3.59,6.41,7.43,310.00,-62.00,47.00,37.00,6.41
2019-11-17 06:00:29 UTC,240,2.25,3.47,3.59,312.00,-65.00,47.00,37.00,3.47
2019-11-17 06:02:30 UTC,241,3.01,5.19,6.21,314.00,-63.00,47.00,37.00,5.19
2019-11-17 06:04:30 UTC,242,6.40,11.49,15.35,316.00,-62.00,47.00,37.00,11.49
2019-11-17 06:06:30 UTC,243,6.09,10.78,12.22,318.00,-65.00,47.00,37.00,10.78
2019-11-17 06:08:29 UTC,244,2.15,3.46,3.94,320.00,-61.00,47.00,37.00,3.46
2019-11-17 06:10:30 UTC,245,3.21,4.89,5.94,322.00,-62.00,47.00,37.00,4.89
2019-11-17 06:12:30 UTC,246,5.33,8.86,10.13,324.00,-65.00,47.00,37.00,8.86
2019-11-17 06:14:30 UTC,247,5.00,8.27,9.76,326.00,-63.00,47.00,37.00,8.27
2019-11-17 06:16:30 UTC,248,2.97,4.98,5.14,328.00,-62.00,47.00,37.00,4.98
2019-11-17 06:18:29 UTC,249,3.53,5.93,6.09,330.00,-61.00,47.00,37.00,5.93
2019-11-17 06:20:30 UTC,250,6.92,11.73,12.97,332.00,-66.00,47.00,37.00,11.73
2019-11-17 06:22:29 UTC,251,6.02,11.12,12.97,334.00,-62.00,47.00,37.00,11.12
2019-11-17 06:24:29 UTC,252,5.48,9.54,10.48,336.00,-60.00,47.00,37.00,9.54
2019-11-17 06:26:29 UTC,253,5.20,8.45,9.41,338.00,-61.00,47.00,37.00,8.45
2019-11-17 06:28:29 UTC,254,5.10,9.56,11.00,340.00,-61.00,47.00,37.00,9.56
2019-11-17 06:30:29 UTC,255,2.18,3.79,5.25,342.00,-63.00,47.00,37.00,3.79
2019-11-17 06:32:30 UTC,256,2.79,4.81,5.85,344.00,-61.00,47.00,37.00,4.81
2019-11-17 06:34:29 UTC,257,3.81,6.55,7.25,346.00,-61.00,47.00,37.00,6.55
2019-11-17 06:36:29 UTC,258,6.22,10.16,11.74,348.00,-64.00,47.00,37.00,10.16
2019-11-17 06:38:29 UTC,259,4.62,8.43,9.38,350.00,-66.00,47.00,37.00,8.43
2019-11-17 06:40:29 UTC,260,5.99,10.25,11.52,352.00,-63.00,47.00,38.00,10.25
2019-11-17 06:42:29 UTC,261,9.07,16.75,18.58,354.00,-63.00,47.00,38.00,16.75
2019-11-17 06:44:30 UTC,262,7.17,13.09,14.87,356.00,-61.00,47.00,38.00,13.09
2019-11-17 06:46:29 UTC,263,5.00,7.77,10.00,358.00,-65.00,47.00,38.00,7.77
2019-11-17 06:48:29 UTC,264,5.68,11.10,12.65,360.00,-60.00,47.00,38.00,11.10
2019-11-17 06:50:30 UTC,265,4.03,6.21,6.91,362.00,-64.00,47.00,38.00,6.21
2019-11-17 06:52:29 UTC,266,4.48,8.01,9.03,364.00,-62.00,47.00,38.00,8.01
2019-11-17 06:54:29 UTC,267,5.04,9.26,10.57,366.00,-63.00,47.00,38.00,9.26
2019-11-17 06:56:30 UTC,268,7.55,10.79,11.17,368.00,-68.00,47.00,38.00,10.79
2019-11-17 06:58:30 UTC,269,10.90,16.40,18.10,370.00,-63.00,47.00,39.00,16.40
2019-11-17 07:00:29 UTC,270,6.66,10.19,10.59,372.00,-63.00,47.00,39.00,10.19
2019-11-17 07:02:29 UTC,271,2.66,3.99,4.82,374.00,-62.00,47.00,39.00,3.99
2019-11-17 07:04:30 UTC,272,4.74,7.13,7.46,376.00,-62.00,46.00,39.00,7.13
2019-11-17 07:06:29 UTC,273,6.52,10.12,10.23,378.00,-65.00,46.00,39.00,10.12
2019-11-17 07:08:29 UTC,274,6.32,10.50,11.60,380.00,-64.00,46.00,40.00,10.50
2019-11-17 07:10:29 UTC,275,9.91,14.03,15.06,382.00,-66.00,46.00,40.00,14.03
2019-11-17 07:12:29 UTC,276,9.21,14.59,15.89,384.00,-61.00,45.00,40.00,14.59
2019-11-17 07:14:29 UTC,277,6.94,11.45,12.76,386.00,-63.00,46.00,40.00,11.45
2019-11-17 07:16:29 UTC,278,3.24,4.97,5.43,388.00,-65.00,46.00,40.00,4.97
2019-11-17 07:18:29 UTC,279,3.60,5.67,6.17,390.00,-63.00,46.00,40.00,5.67
2019-11-17 07:20:29 UTC,280,3.13,4.63,4.97,392.00,-63.00,46.00,40.00,4.63
2019-11-17 07:22:30 UTC,281,3.85,6.07,6.30,394.00,-67.00,46.00,40.00,6.07
2019-11-17 07:24:29 UTC,282,3.60,4.93,5.35,396.00,-64.00,46.00,40.00,4.93
2019-11-17 07:26:29 UTC,283,4.66,7.80,9.48,398.00,-62.00,46.00,40.00,7.80
2019-11-17 07:28:29 UTC,284,4.29,7.36,7.91,400.00,-61.00,46.00,40.00,7.36
2019-11-17 07:30:29 UTC,285,4.25,7.46,8.51,402.00,-67.00,46.00,40.00,7.46
2019-11-17 07:32:29 UTC,286,3.24,5.08,5.97,404.00,-61.00,46.00,40.00,5.08
2019-11-17 07:34:29 UTC,287,3.34,5.06,5.97,406.00,-62.00,47.00,40.00,5.06
2019-11-17 07:36:29 UTC,288,3.19,4.42,5.13,408.00,-64.00,47.00,40.00,4.42
2019-11-17 07:38:29 UTC,289,4.28,6.25,6.66,410.00,-61.00,47.00,40.00,6.25
2019-11-17 07:40:29 UTC,290,3.43,5.85,7.35,412.00,-65.00,47.00,40.00,5.85
2019-11-17 07:42:29 UTC,291,3.39,5.87,7.30,414.00,-64.00,47.00,40.00,5.87
2019-11-17 07:44:29 UTC,292,4.29,7.58,9.23,416.00,-63.00,47.00,40.00,7.58
2019-11-17 07:46:29 UTC,293,3.43,5.43,6.64,418.00,-63.00,47.00,40.00,5.43
2019-11-17 07:48:29 UTC,294,2.85,4.91,5.66,420.00,-62.00,47.00,40.00,4.91
2019-11-17 07:50:30 UTC,295,2.86,4.63,5.26,422.00,-62.00,47.00,40.00,4.63
2019-11-17 07:52:29 UTC,296,2.87,4.30,4.83,424.00,-61.00,47.00,40.00,4.30
2019-11-17 07:54:30 UTC,297,3.66,5.49,5.75,426.00,-61.00,47.00,40.00,5.49
2019-11-17 07:56:29 UTC,298,2.74,3.80,3.91,428.00,-61.00,47.00,40.00,3.80
2019-11-17 07:58:29 UTC,299,3.29,5.47,6.25,430.00,-61.00,47.00,40.00,5.47
2019-11-17 08:00:29 UTC,300,3.21,5.21,5.82,432.00,-61.00,47.00,40.00,5.21
2019-11-17 08:02:29 UTC,301,3.14,4.63,4.63,434.00,-60.00,47.00,40.00,4.63
2019-11-17 08:04:29 UTC,302,2.41,3.84,4.18,436.00,-63.00,46.00,40.00,3.84
2019-11-17 08:06:30 UTC,303,1.96,3.45,3.93,438.00,-62.00,46.00,40.00,3.45
2019-11-17 08:08:29 UTC,304,2.48,3.90,4.20,440.00,-61.00,46.00,40.00,3.90
2019-11-17 08:10:29 UTC,305,1.92,2.86,3.32,442.00,-62.00,46.00,40.00,2.86
2019-11-17 08:12:29 UTC,306,2.75,4.24,4.66,444.00,-61.00,46.00,41.00,4.24
2019-11-17 08:14:29 UTC,307,3.85,5.65,6.16,446.00,-67.00,46.00,41.00,5.65
2019-11-17 08:16:29 UTC,308,3.34,5.46,5.97,448.00,-61.00,46.00,41.00,5.46
2019-11-17 08:18:29 UTC,309,4.28,6.36,7.23,450.00,-58.00,46.00,41.00,6.36
2019-11-17 08:20:29 UTC,310,1.88,2.99,3.16,452.00,-62.00,46.00,40.00,2.99
2019-11-17 08:22:29 UTC,311,2.72,4.75,4.93,454.00,-65.00,46.00,41.00,4.75
2019-11-17 08:24:29 UTC,312,2.29,3.71,3.93,456.00,-63.00,46.00,41.00,3.71
2019-11-17 08:26:29 UTC,313,2.18,3.28,3.66,458.00,-62.00,46.00,41.00,3.28
2019-11-17 08:28:30 UTC,314,2.97,4.93,5.41,460.00,-64.00,46.00,41.00,4.93
2019-11-17 08:30:29 UTC,315,2.26,3.82,4.44,462.00,-62.00,46.00,41.00,3.82
2019-11-17 08:32:29 UTC,316,2.63,3.87,4.24,464.00,-66.00,46.00,41.00,3.87
2019-11-17 08:34:29 UTC,317,2.57,4.20,4.35,466.00,-64.00,46.00,41.00,4.20
2019-11-17 08:36:29 UTC,318,2.36,3.67,4.74,468.00,-60.00,46.00,41.00,3.67
2019-11-17 08:38:29 UTC,319,2.91,4.06,4.65,470.00,-61.00,46.00,41.00,4.06
2019-11-17 08:40:29 UTC,320,3.18,4.70,5.49,472.00,-62.00,46.00,41.00,4.70
2019-11-17 08:42:29 UTC,321,2.74,4.06,4.43,474.00,-62.00,46.00,41.00,4.06
2019-11-17 08:44:29 UTC,322,2.48,4.23,4.48,476.00,-61.00,46.00,41.00,4.23
2019-11-17 08:46:30 UTC,323,2.71,4.81,5.07,478.00,-62.00,46.00,41.00,4.81
2019-11-17 08:48:29 UTC,324,2.80,4.47,5.92,480.00,-62.00,46.00,41.00,4.47
2019-11-17 08:50:30 UTC,325,2.54,3.59,3.87,482.00,-63.00,46.00,41.00,3.59
2019-11-17 08:52:29 UTC,326,4.41,6.70,7.21,484.00,-65.00,46.00,41.00,6.70
2019-11-17 08:54:29 UTC,327,3.46,5.12,5.93,486.00,-62.00,46.00,41.00,5.12
2019-11-17 08:56:29 UTC,328,3.09,4.49,4.88,488.00,-63.00,46.00,41.00,4.49
2019-11-17 08:58:29 UTC,329,2.25,3.25,3.42,490.00,-62.00,46.00,41.00,3.25
2019-11-17 09:00:29 UTC,330,2.74,4.60,5.76,492.00,-63.00,46.00,41.00,4.60
2019-11-17 09:02:29 UTC,331,2.83,4.17,4.68,494.00,-62.00,46.00,41.00,4.17
2019-11-17 09:04:30 UTC,332,2.08,3.55,4.06,496.00,-63.00,46.00,41.00,3.55
2019-11-17 09:06:29 UTC,333,2.73,5.23,5.97,498.00,-63.00,46.00,41.00,5.23
2019-11-17 09:08:29 UTC,334,2.64,4.20,4.49,500.00,-61.00,46.00,41.00,4.20
2019-11-17 09:10:29 UTC,335,1.94,3.31,3.91,502.00,-66.00,46.00,41.00,3.31
2019-11-17 09:12:29 UTC,336,2.02,2.85,2.85,504.00,-61.00,46.00,41.00,2.85
2019-11-17 09:14:29 UTC,337,2.43,3.39,4.24,506.00,-63.00,46.00,41.00,3.39
2019-11-17 09:16:29 UTC,338,3.19,4.34,4.53,508.00,-64.00,45.00,41.00,4.34
2019-11-17 09:18:29 UTC,339,2.29,3.42,3.65,510.00,-61.00,45.00,41.00,3.42
2019-11-17 09:20:29 UTC,340,2.79,4.12,5.00,512.00,-64.00,45.00,41.00,4.12
2019-11-17 09:22:29 UTC,341,3.07,4.45,5.01,514.00,-63.00,45.00,41.00,4.45
2019-11-17 09:24:30 UTC,342,2.21,3.66,4.03,516.00,-64.00,45.00,41.00,3.66
2019-11-17 09:26:29 UTC,343,2.16,3.16,3.64,518.00,-63.00,45.00,41.00,3.16
2019-11-17 09:28:29 UTC,344,2.25,3.48,4.12,520.00,-62.00,45.00,41.00,3.48
2019-11-17 09:30:29 UTC,345,2.39,3.51,3.93,522.00,-66.00,45.00,41.00,3.51
2019-11-17 09:32:29 UTC,346,2.46,3.58,3.97,524.00,-65.00,45.00,41.00,3.58
2019-11-17 09:34:29 UTC,347,2.16,3.49,3.94,526.00,-60.00,45.00,42.00,3.49
2019-11-17 09:36:29 UTC,348,3.54,4.86,5.46,528.00,-63.00,45.00,42.00,4.86
2019-11-17 09:38:29 UTC,349,2.72,3.66,4.00,530.00,-62.00,45.00,42.00,3.66
2019-11-17 09:40:29 UTC,350,3.13,4.70,5.40,532.00,-61.00,45.00,42.00,4.70
2019-11-17 09:42:29 UTC,351,3.00,4.88,5.62,534.00,-63.00,45.00,42.00,4.88
2019-11-17 09:44:29 UTC,352,2.63,3.99,4.14,536.00,-61.00,45.00,42.00,3.99
2019-11-17 09:46:29 UTC,353,2.52,3.48,3.61,538.00,-65.00,45.00,42.00,3.48
2019-11-17 09:48:30 UTC,354,2.68,4.18,4.43,540.00,-60.00,45.00,42.00,4.18
2019-11-17 09:50:30 UTC,355,2.43,3.65,3.90,542.00,-65.00,45.00,42.00,3.65
2019-11-17 09:52:29 UTC,356,2.56,3.94,4.24,544.00,-61.00,45.00,42.00,3.94
2019-11-17 09:54:29 UTC,357,3.03,4.85,5.40,546.00,-63.00,45.00,42.00,4.85
2019-11-17 09:56:29 UTC,358,3.22,4.40,4.76,548.00,-62.00,45.00,42.00,4.40
2019-11-17 09:58:29 UTC,359,2.87,4.18,4.79,550.00,-61.00,45.00,42.00,4.18
2019-11-17 10:00:29 UTC,360,2.93,4.35,5.59,552.00,-61.00,45.00,42.00,4.35
2019-11-17 10:02:29 UTC,361,2.07,3.19,3.21,554.00,-62.00,45.00,42.00,3.19
2019-11-17 10:04:29 UTC,362,2.03,3.33,3.84,556.00,-63.00,45.00,42.00,3.33
2019-11-17 10:06:29 UTC,363,2.71,4.22,4.51,558.00,-60.00,44.00,42.00,4.22
2019-11-17 10:08:29 UTC,364,2.74,4.16,4.64,560.00,-65.00,45.00,42.00,4.16
2019-11-17 10:10:29 UTC,365,2.20,3.67,4.07,562.00,-63.00,44.00,42.00,3.67
2019-11-17 10:12:30 UTC,366,2.36,4.04,4.48,564.00,-61.00,44.00,42.00,4.04
2019-11-17 10:14:30 UTC,367,2.66,3.82,4.00,566.00,-60.00,44.00,42.00,3.82
2019-11-17 10:16:29 UTC,368,2.52,3.73,4.23,568.00,-61.00,44.00,42.00,3.73
2019-11-17 10:18:29 UTC,369,2.77,4.11,5.34,570.00,-61.00,43.00,42.00,4.11
2019-11-17 10:20:29 UTC,370,2.87,4.69,5.66,572.00,-61.00,44.00,42.00,4.69
2019-11-17 10:22:29 UTC,371,3.09,4.34,5.70,574.00,-66.00,44.00,42.00,4.34
2019-11-17 10:24:29 UTC,372,3.00,4.07,5.29,576.00,-62.00,44.00,42.00,4.07
2019-11-17 10:26:29 UTC,373,2.93,4.59,4.91,578.00,-60.00,44.00,42.00,4.59
2019-11-17 10:28:29 UTC,374,2.66,4.01,4.46,580.00,-60.00,44.00,42.00,4.01